Year,Player,Team,CapHit,CashSpent
"2,026",Ezekiel Elliott,Cowboys,"16,600,000","16,600,000"
"2,025",Alvin Kamara,Saints,"25,000,000","25,000,000"
"2,025",Ezekiel Elliott,Cowboys,"15,400,000","15,400,000"
"2,025",Dalvin Cook,Vikings,"13,500,000","13,500,000"
"2,025",Christian McCaffrey,Panthers,"12,200,000","12,200,000"
"2,024",Christian McCaffrey,Panthers,"16,300,000","12,000,000"
"2,024",Dalvin Cook,Vikings,"15,601,273","12,500,000"
"2,024",Alvin Kamara,Saints,"14,800,000","11,800,000"
"2,024",Joe Mixon,Bengals,"13,133,205","10,383,205"
"2,024",Ezekiel Elliott,Cowboys,"12,600,000","10,000,000"
"2,023",Christian McCaffrey,Panthers,"16,300,000","12,000,000"
"2,023",Derrick Henry,Titans,"15,500,000","12,500,000"
"2,023",Ezekiel Elliott,Cowboys,"15,000,000","10,900,000"
"2,023",Dalvin Cook,Vikings,"14,101,272","11,000,000"
"2,023",Alvin Kamara,Saints,"14,000,000","11,000,000"
"2,023",Joe Mixon,Bengals,"12,850,000","10,100,000"
"2,023",Tarik Cohen,Bears,"7,500,000","5,750,000"
"2,023",Austin Ekeler,Chargers,"7,250,000","5,750,000"
"2,023",Clyde Edwards-Helaire,Chiefs,"3,443,229",0
"2,023",D'Andre Swift,Lions,"2,716,929","1,774,399"
"2,023",Jonathan Taylor,Colts,"2,491,095","1,677,613"
"2,023",Cam Akers,Rams,"1,964,150","1,451,779"
"2,023",J.K. Dobbins,Ravens,"1,823,003","1,391,287"
"2,023",A.J. Dillon,Packers,"1,681,855","1,330,795"
"2,023",Antonio Gibson,Washington,"1,569,476","1,282,633"
"2,023",Ke'Shawn Vaughn,Buccaneers,"1,465,713","1,210,986"
"2,023",Zack Moss,Bills,"1,397,865","1,169,260"
"2,023",Darrynton Evans,Titans,"1,347,116","1,127,700"
"2,023",Joshua Kelley,Chargers,"1,205,086","1,010,000"
"2,023",La'Mical Perine,Jets,"1,196,336","1,010,000"
"2,023","Anthony McFarland, Jr.",Steelers,"1,190,608","1,010,000"
"2,023",Lynn Bowden,Dolphins,"1,189,000","1,189,000"
"2,023",DeeJay Dallas,Seahawks,"1,133,600","1,010,000"
"2,023",Eno Benjamin,Cardinals,"1,035,679","1,010,000"
"2,023",Jason Huntley,Eagles,"1,010,000","1,010,000"
"2,022",Ezekiel Elliott,Cowboys,"16,500,000","12,400,000"
"2,022",Derrick Henry,Titans,"15,000,000","12,000,000"
"2,022",Alvin Kamara,Saints,"14,500,000","11,500,000"
"2,022",Christian McCaffrey,Panthers,"12,900,000","8,600,000"
"2,022",Dalvin Cook,Vikings,"12,001,272","8,900,000"
"2,022",Joe Mixon,Bengals,"11,450,000","8,700,000"
"2,022",Austin Ekeler,Chargers,"6,500,000","5,000,000"
"2,022",Kareem Hunt,Browns,"6,250,000","6,250,000"
"2,022",Tarik Cohen,Bears,"5,750,000","4,000,000"
"2,022",Latavius Murray,Saints,"4,300,000","3,450,000"
"2,022",Josh Jacobs,Raiders,"3,796,990","2,122,281"
"2,022",Clyde Edwards-Helaire,Chiefs,"2,951,339","1,593,780"
"2,022",D'Andre Swift,Lions,"2,328,796","1,386,266"
"2,022",Jonathan Taylor,Colts,"2,135,224","1,321,742"
"2,022",Miles Sanders,Eagles,"1,705,528","1,225,941"
"2,022",Cam Akers,Rams,"1,683,557","1,171,186"
"2,022",J.K. Dobbins,Ravens,"1,562,574","1,130,858"
"2,022",A.J. Dillon,Packers,"1,441,590","1,090,530"
"2,022",Antonio Gibson,Washington,"1,345,265","1,058,422"
"2,022",Darrell Henderson,Rams,"1,333,265","1,060,601"
"2,022",Ke'Shawn Vaughn,Buccaneers,"1,297,091","1,042,364"
"2,022",Zack Moss,Bills,"1,237,355","1,008,750"
"2,022",David Montgomery,Bears,"1,226,545","965,000"
"2,022",Darrynton Evans,Titans,"1,224,416","1,005,000"
"2,022",Devin Singletary,Bills,"1,223,956","965,000"
"2,022",Damien Harris,Patriots,"1,186,534","965,000"
"2,022",Alexander Mattison,Vikings,"1,170,545","965,000"
"2,022",Justice Hill,Ravens,"1,150,414","965,000"
"2,022",Benjamin Snell Jr.,Steelers,"1,140,517","965,000"
"2,022",Tony Pollard,Cowboys,"1,132,582","965,000"
"2,022",Joshua Kelley,Chargers,"1,090,086","895,000"
"2,022",Bryce Love,Washington,"1,083,583","895,000"
"2,022",La'Mical Perine,Jets,"1,081,336","895,000"
"2,022","Anthony McFarland, Jr.",Steelers,"1,075,608","895,000"
"2,022",Ryquell Armstead,Jaguars,"1,051,769","965,000"
"2,022",Qadree Ollison,Falcons,"1,042,891","965,000"
"2,022",Lynn Bowden,Dolphins,"1,038,128","1,038,128"
"2,022",DeeJay Dallas,Seahawks,"1,018,600","895,000"
"2,022",Trayveon Williams,Bengals,"1,010,496","965,000"
"2,022",Darwin Thompson,Chiefs,"1,006,960","975,000"
"2,022",Travis Homer,Seahawks,"1,000,840","965,000"
"2,022",Myles Gaskin,Dolphins,"986,777","965,000"
"2,022",Ty Johnson,Jets,"965,000","965,000"
"2,022",Eno Benjamin,Cardinals,"920,679","895,000"
"2,022",Rico Dowdle,Cowboys,"898,334","895,000"
"2,022",Xavier Jones,Rams,"898,000","895,000"
"2,022",Patrick Taylor,Packers,"897,334","895,000"
"2,022",James Robinson,Jaguars,"896,668","895,000"
"2,022",Raymond Calais,Rams,"895,000","895,000"
"2,022",J.J. Taylor,Patriots,"895,000","895,000"
"2,022",LeVante Bellamy,Broncos,"895,000","895,000"
"2,022",Jason Huntley,Eagles,"895,000","895,000"
"2,021",Ezekiel Elliott,Cowboys,"13,700,000","9,600,000"
"2,021",Derrick Henry,Titans,"13,500,000","10,500,000"
"2,021",Christian McCaffrey,Panthers,"12,537,500","8,237,500"
"2,021",Saquon Barkley,Giants,"10,095,602","4,903,829"
"2,021",David Johnson,Texans,"9,000,000","9,000,000"
"2,021",Melvin Gordon,Broncos,"9,000,000","7,000,000"
"2,021",Joe Mixon,Bengals,"8,450,000","8,700,000"
"2,021",Mark Ingram,Ravens,"6,333,334","5,000,000"
"2,021",Austin Ekeler,Chargers,"5,750,000","4,250,000"
"2,021",Dalvin Cook,Vikings,"5,201,272","2,100,000"
"2,021",Duke Johnson,Texans,"5,150,000","5,150,000"
"2,021",Kareem Hunt,Browns,"5,000,000","5,000,000"
"2,021",Alvin Kamara,Saints,"5,000,000","2,000,000"
"2,021",Jordan Howard,Dolphins,"5,000,000","5,000,000"
"2,021",Giovani Bernard,Bengals,"4,766,667","4,100,000"
"2,021",Latavius Murray,Saints,"4,200,000","3,350,000"
"2,021",Raheem Mostert,49ers,"3,733,334","3,275,000"
"2,021",Jalen Richard,Raiders,"3,500,000","3,500,000"
"2,021",Rashaad Penny,Seahawks,"3,425,366","1,948,014"
"2,021",Josh Jacobs,Raiders,"3,254,563","1,579,854"
"2,021",Tarik Cohen,Bears,"3,250,000","1,500,000"
"2,021",Sony Michel,Patriots,"3,063,039","1,792,731"
"2,021",Damien Williams,Chiefs,"2,708,334","2,100,000"
"2,021",Clyde Edwards-Helaire,Chiefs,"2,459,449","1,101,890"
"2,021",Nick Chubb,Browns,"2,349,166","1,486,785"
"2,021",Ronald Jones II,Buccaneers,"2,250,158","1,444,353"
"2,021",Kerryon Johnson,Lions,"2,069,359","1,366,869"
"2,021",Jerick McKinnon,49ers,"2,000,000",0
"2,021",Brandon Bolden,Patriots,"1,987,500","1,500,000"
"2,021",D'Andre Swift,Lions,"1,940,663","998,133"
"2,021",Jonathan Taylor,Colts,"1,779,353","965,871"
"2,021",Peyton Barber,Washington,"1,640,000","1,340,000"
"2,021",Miles Sanders,Eagles,"1,461,881","982,294"
"2,021",Cam Akers,Rams,"1,402,964","890,593"
"2,021",J.K. Dobbins,Ravens,"1,302,145","870,429"
"2,021",Royce Freeman,Broncos,"1,219,255","970,000"
"2,021",A.J. Dillon,Packers,"1,201,325","850,265"
"2,021",Darrell Henderson,Rams,"1,151,496","878,832"
"2,021",Antonio Gibson,Washington,"1,121,054","834,211"
"2,021",David Montgomery,Bears,"1,111,577","850,032"
"2,021",Devin Singletary,Bills,"1,108,956","850,000"
"2,021",Nyheim Hines,Colts,"1,101,137","920,000"
"2,021",Ke'Shawn Vaughn,Buccaneers,"1,080,909","826,182"
"2,021",Ito Smith,Falcons,"1,075,218","920,000"
"2,021",Damien Harris,Patriots,"1,071,534","850,000"
"2,021",Alexander Mattison,Vikings,"1,055,545","850,000"
"2,021",Zack Moss,Bills,"1,048,256","819,651"
"2,021",Darrynton Evans,Titans,"1,036,770","817,354"
"2,021",Justice Hill,Ravens,"1,035,414","850,000"
"2,021",Chase Edmonds,Cardinals,"1,033,089","920,000"
"2,021",Benjamin Snell Jr.,Steelers,"1,025,517","850,000"
"2,021",Tony Pollard,Cowboys,"1,017,582","850,000"
"2,021",Elijhaa Penny,Giants,"990,000","990,000"
"2,021",Jordan Wilkins,Colts,"980,310","920,000"
"2,021",Joshua Kelley,Chargers,"975,086","780,000"
"2,021",Bryce Love,Washington,"968,583","780,000"
"2,021",La'Mical Perine,Jets,"966,336","780,000"
"2,021","Anthony McFarland, Jr.",Steelers,"960,608","780,000"
"2,021",Ryquell Armstead,Jaguars,"936,769","850,000"
"2,021",Qadree Ollison,Falcons,"927,891","850,000"
"2,021",Trenton Cannon,Panthers,"920,000","920,000"
"2,021",Justin Jackson,Chargers,"920,000","920,000"
"2,021",Jeremy McNichols,Titans,"920,000","920,000"
"2,021",DeeJay Dallas,Seahawks,"903,600","780,000"
"2,021",Trayveon Williams,Bengals,"895,496","850,000"
"2,021",Darwin Thompson,Chiefs,"891,960","860,000"
"2,021",Travis Homer,Seahawks,"885,840","850,000"
"2,021",Myles Gaskin,Dolphins,"871,777","850,000"
"2,021",Alec Ingold,Raiders,"853,334","850,000"
"2,021",Patrick Laird,Dolphins,"853,000","850,000"
"2,021",Ty Johnson,Jets,"850,000","850,000"
"2,021",Devine Ozigbo,Jaguars,"850,000","850,000"
"2,021",D'ernest Johnson,Browns,"850,000","850,000"
"2,021",Lynn Bowden,Dolphins,"824,064","824,064"
"2,021",Eno Benjamin,Cardinals,"805,679","780,000"
"2,021",Rico Dowdle,Cowboys,"783,333","780,000"
"2,021",Xavier Jones,Rams,"783,000","780,000"
"2,021",Patrick Taylor,Packers,"782,333","780,000"
"2,021",James Robinson,Jaguars,"781,666","780,000"
"2,021",JaMycal Hasty,49ers,"780,000","780,000"
"2,021",Salvon Ahmed,Dolphins,"780,000","780,000"
"2,021",Raymond Calais,Rams,"780,000","780,000"
"2,021",J.J. Taylor,Patriots,"780,000","780,000"
"2,021",Artavis Pierce,Bears,"780,000","780,000"
"2,021",LeVante Bellamy,Broncos,"780,000","780,000"
"2,021",Jason Huntley,Eagles,"780,000","780,000"
"2,021",Jonathan Ward,Cardinals,"780,000","780,000"
"2,020",David Johnson,Texans,"11,156,250","11,250,000"
"2,020",Ezekiel Elliott,Cowboys,"10,900,000","19,800,000"
"2,020",Saquon Barkley,Giants,"8,597,659","3,405,886"
"2,020",Kenyan Drake,Cardinals,"8,483,000","8,483,000"
"2,020",Christian McCaffrey,Panthers,"7,794,782","22,325,000"
"2,020",Melvin Gordon,Broncos,"7,000,000","9,000,000"
"2,020",Derrick Henry,Titans,"6,000,000","15,000,000"
"2,020",Todd Gurley,Falcons,"5,500,000","5,500,000"
"2,020",Mark Ingram,Ravens,"5,333,333","4,000,000"
"2,020",Austin Ekeler,Chargers,"5,000,000","9,500,000"
"2,020",Tevin Coleman,49ers,"4,868,750","4,900,000"
"2,020",Giovani Bernard,Bengals,"4,766,666","4,100,000"
"2,020",Jordan Howard,Dolphins,"4,750,000","4,750,000"
"2,020",Dalvin Cook,Vikings,"4,616,419","16,331,361"
"2,020",James White,Patriots,"4,593,750","3,500,000"
"2,020",Duke Johnson,Texans,"4,100,000","4,100,000"
"2,020",Alvin Kamara,Saints,"4,076,193","15,833,000"
"2,020",Latavius Murray,Saints,"4,050,000","3,200,000"
"2,020",Kareem Hunt,Browns,"4,009,000","4,009,000"
"2,020",Joe Mixon,Bengals,"3,850,938","11,325,000"
"2,020",Jalen Richard,Raiders,"3,625,000","3,500,000"
"2,020",Raheem Mostert,49ers,"3,333,333","3,125,000"
"2,020",Matt Breida,Dolphins,"3,259,000","3,259,000"
"2,020",Tarik Cohen,Bears,"3,041,289","8,133,000"
"2,020",Mike Davis,Panthers,"3,000,000","3,000,000"
"2,020",Rashaad Penny,Seahawks,"2,936,028","1,458,676"
"2,020",Rex Burkhead,Patriots,"2,925,000","2,000,000"
"2,020",Jerick McKinnon,49ers,"2,910,000","1,160,000"
"2,020",Carlos Hyde,Seahawks,"2,750,000","2,750,000"
"2,020",Josh Jacobs,Raiders,"2,712,136","1,037,427"
"2,020",Sony Michel,Patriots,"2,625,462","1,355,154"
"2,020",Leonard Fournette,Buccaneers,"2,500,000","2,000,000"
"2,020",Jamaal Williams,Packers,"2,274,498","2,133,000"
"2,020",Marlon Mack,Colts,"2,237,912","2,133,000"
"2,020",Aaron Jones,Packers,"2,182,002","2,133,000"
"2,020",Chris Carson,Seahawks,"2,149,285","2,133,000"
"2,020",Brian Hill,Falcons,"2,133,000","2,133,000"
"2,020",Nick Chubb,Browns,"2,013,571","1,151,190"
"2,020",Clyde Edwards-Helaire,Chiefs,"1,967,559","6,040,236"
"2,020",Ronald Jones II,Buccaneers,"1,928,707","1,122,902"
"2,020",T.J. Yeldon,Bills,"1,900,000","1,650,000"
"2,020",Kerryon Johnson,Lions,"1,773,736","1,071,246"
"2,020",Taiwan Jones,Bills,"1,656,250","1,750,000"
"2,020",D'Andre Swift,Lions,"1,552,530","4,380,120"
"2,020",Dion Lewis,Giants,"1,550,000","1,550,000"
"2,020",Jonathan Taylor,Colts,"1,423,482","3,863,928"
"2,020",Chris Thompson,Jaguars,"1,368,750","1,400,000"
"2,020",Peyton Barber,Washington,"1,360,000","1,660,000"
"2,020",Malcolm Brown,Rams,"1,312,500","1,100,000"
"2,020",Devonta Freeman,Giants,"1,224,118","1,224,118"
"2,020",Miles Sanders,Eagles,"1,218,234","738,647"
"2,020",Elijhaa Penny,Giants,"1,210,000","1,210,000"
"2,020",Cam Akers,Rams,"1,122,371","2,659,484"
"2,020",Royce Freeman,Broncos,"1,081,255","832,000"
"2,020",Adrian Peterson,Lions,"1,050,000","1,050,000"
"2,020",J.K. Dobbins,Ravens,"1,041,716","2,336,864"
"2,020",James Conner,Steelers,"1,001,572","825,000"
"2,020",A.J. Dillon,Packers,"961,060","2,014,240"
"2,020",Darrell Henderson,Rams,"959,580","686,916"
"2,020",David Montgomery,Bears,"945,681","684,136"
"2,020",Devin Singletary,Bills,"933,956","675,000"
"2,020",Nyheim Hines,Colts,"931,137","750,000"
"2,020",Wayne Gallman,Giants,"929,912","825,000"
"2,020",Ito Smith,Falcons,"905,218","750,000"
"2,020",Antonio Gibson,Washington,"896,843","1,757,372"
"2,020",Damien Harris,Patriots,"896,534","675,000"
"2,020",Devontae Booker,Raiders,"887,500","1,047,500"
"2,020",Anthony Sherman,Chiefs,"887,500","1,187,500"
"2,020",Ty Montgomery,Saints,"887,500","1,047,500"
"2,020",Dwayne Washington,Saints,"887,500","1,047,500"
"2,020",Tyler Ervin,Packers,"887,500","1,047,500"
"2,020",Ameer Abdullah,Vikings,"887,500","1,047,500"
"2,020",Alexander Mattison,Vikings,"880,545","675,000"
"2,020",Ke'Shawn Vaughn,Buccaneers,"864,727","1,628,908"
"2,020",Chase Edmonds,Cardinals,"863,089","750,000"
"2,020",Justice Hill,Ravens,"860,414","675,000"
"2,020",Benjamin Snell Jr.,Steelers,"850,517","675,000"
"2,020",Tony Pollard,Cowboys,"842,582","675,000"
"2,020",Zack Moss,Bills,"838,605","1,524,420"
"2,020",Darrynton Evans,Titans,"829,416","1,487,664"
"2,020",Samaje Perine,Bengals,"825,000","825,000"
"2,020",Corey Clement,Eagles,"825,000","825,000"
"2,020",Jordan Wilkins,Colts,"810,310","750,000"
"2,020",Joshua Kelley,Chargers,"805,086","1,390,344"
"2,020",La'Mical Perine,Jets,"796,336","1,355,344"
"2,020","Anthony McFarland, Jr.",Steelers,"790,608","1,332,432"
"2,020",Ryquell Armstead,Jaguars,"761,769","675,000"
"2,020",Darrel Williams,Chiefs,"755,000","750,000"
"2,020",Phillip Lindsay,Broncos,"755,000","750,000"
"2,020",Qadree Ollison,Falcons,"752,891","675,000"
"2,020",Mike Boone,Vikings,"752,500","750,000"
"2,020",Buddy Howell,Texans,"750,000","750,000"
"2,020",Trenton Cannon,Panthers,"750,000","750,000"
"2,020",Jeff Wilson,49ers,"750,000","750,000"
"2,020",LeSean McCoy,Buccaneers,"750,000","1,050,000"
"2,020",Boston Scott,Eagles,"750,000","750,000"
"2,020",Justin Jackson,Chargers,"750,000","750,000"
"2,020",Frank Gore,Jets,"750,000","1,050,000"
"2,020",Gus Edwards,Ravens,"750,000","750,000"
"2,020",T.J. Logan,Buccaneers,"750,000","750,000"
"2,020",DeeJay Dallas,Seahawks,"733,600","1,104,400"
"2,020",Trayveon Williams,Bengals,"720,496","675,000"
"2,020",Darwin Thompson,Chiefs,"716,460","684,500"
"2,020",Travis Homer,Seahawks,"710,840","675,000"
"2,020",Le'Veon Bell,Chiefs,"705,882","705,882"
"2,020",Myles Gaskin,Dolphins,"696,777","675,000"
"2,020",Alec Ingold,Raiders,"678,333","675,000"
"2,020",Patrick Laird,Dolphins,"678,000","675,000"
"2,020",Dare Ogunbowale,Jaguars,"675,000","675,000"
"2,020",Ryan Nall,Bears,"675,000","675,000"
"2,020",D'ernest Johnson,Browns,"675,000","675,000"
"2,020",Jeremy McNichols,Titans,"661,765","661,765"
"2,020",Eno Benjamin,Cardinals,"635,679","712,716"
"2,020",Bryce Love,Washington,"625,642","437,059"
"2,020",Dontrell Hilliard,Browns,"617,647","617,647"
"2,020",Rico Dowdle,Cowboys,"613,333","620,000"
"2,020",Xavier Jones,Rams,"613,000","619,000"
"2,020",James Robinson,Jaguars,"611,666","615,000"
"2,020",Raymond Calais,Rams,"610,000","610,000"
"2,020",Lynn Bowden,Dolphins,"610,000","610,000"
"2,020",J.J. Taylor,Patriots,"610,000","610,000"
"2,020",Jason Huntley,Eagles,"610,000","610,000"
"2,020",Devine Ozigbo,Jaguars,"586,765","586,765"
"2,020",DeAndre Washington,Chiefs,"573,529","695,882"
"2,020",Ty Johnson,Jets,"555,882","555,882"
"2,020",Senorise Perry,Titans,"555,000","505,000"
"2,020",JaMycal Hasty,49ers,"502,353","502,353"
"2,020",Artavis Pierce,Bears,"502,353","502,353"
"2,020",Troymaine Pope,Chargers,"485,294","485,294"
"2,020",Jonathan Ward,Cardinals,"466,471","466,471"
"2,020",Salvon Ahmed,Dolphins,"466,471","466,471"
"2,020",Jonathan Williams,Lions,"441,176","535,294"
"2,020",Patrick Taylor,Packers,"402,333","407,000"
"2,020",Patrick Carr,Seahawks,"400,000","400,000"
"2,020",Jeremy Cox,Broncos,"358,824","358,824"
"2,020",LeVante Bellamy,Broncos,"341,765","341,765"
"2,020",Kenjon Barner,Buccaneers,"287,059","287,059"
"2,020",D.J. Foster,Cardinals,"223,059","223,059"
"2,020",Alfred Morris,Giants,"217,765",0
"2,020",Josh Adams,Jets,"214,235","214,235"
"2,020",D'Onta Foreman,Titans,"209,529","209,529"
"2,020",Reggie Bonnafon,Panthers,"205,412","205,412"
"2,020",Wendell Smallwood,Steelers,"204,000","204,000"
"2,020",Darius Bradwell,Chargers,"197,765","197,765"
"2,020",Theo Riddick,Raiders,"187,929","187,929"
"2,020",Scottie Phillips,Texans,"170,282","170,282"
"2,020",Dexter Williams,Packers,"170,282","170,282"
"2,020",Nathan Cottrell,Jaguars,"170,282","170,282"
"2,020",Lamar Miller,Bears,"156,000","156,000"
"2,020",Darius Anderson,Colts,"142,800","142,800"
"2,020",Ty Williams,Ravens,"142,800","142,800"
"2,020",John Kelly,Browns,"142,800","142,800"
"2,020",Kerrith Whyte,Lions,"142,800","142,800"
"2,020",Tony Jones,Saints,"142,800","142,800"
"2,020",Jacques Patrick,Bengals,"142,800","142,800"
"2,020",Johnny Stanton,Browns,"142,800","142,800"
"2,020",Elijah Holyfield,Eagles,"142,800","142,800"
"2,020",Darius Jackson,Colts,"134,400","134,400"
"2,020",Austin Walter,49ers,"126,000","126,000"
"2,020",C.J. Prosise,Texans,"120,000","120,000"
"2,020",Pete Guerriero,Panthers,"117,600","117,600"
"2,020",Adrian Killins,Eagles,"109,200","109,200"
"2,020",Antonio Williams,Bills,"109,200","109,200"
"2,020",Kalen Ballage,Chargers,"109,200","109,200"
"2,020",Rodney Smith,Panthers,"100,800","100,800"
"2,020",Aca'Cedric Ware,Buccaneers,"100,800","100,800"
"2,020",Damarea Crockett,Broncos,"92,400","92,400"
"2,020",Khalfani Muhammad,Cardinals,"84,000","84,000"
"2,020",Dalyn Dawkins,Lions,"84,000","84,000"
"2,020",Damien Williams,Chiefs,"50,000","200,000"
"2,020",Christian Wade,Bills,0,0
"2,020",Sandro Platzgummer,Giants,0,0
"2,020",Brandon Bolden,Patriots,0,"150,000"
"2,019",David Johnson,Cardinals,"9,750,000","6,656,250"
"2,019",Todd Gurley,Rams,"9,200,000","5,000,000"
"2,019",Le'Veon Bell,Jets,"8,968,750","14,468,750"
"2,019",Leonard Fournette,Jaguars,"7,404,786","2,933,262"
"2,019",Lamar Miller,Texans,"7,203,125","5,500,000"
"2,019",Saquon Barkley,Giants,"7,089,716","1,897,943"
"2,019",Devonta Freeman,Falcons,"6,750,000","3,750,000"
"2,019",Ezekiel Elliott,Cowboys,"6,339,653","8,252,137"
"2,019",Jerick McKinnon,49ers,"5,750,000","3,750,000"
"2,019",Giovani Bernard,Bengals,"5,316,666","5,900,000"
"2,019",Dion Lewis,Titans,"4,862,500","4,300,000"
"2,019",Christian McCaffrey,Panthers,"4,702,174","2,032,392"
"2,019",James White,Patriots,"4,625,000","3,218,750"
"2,019",Melvin Gordon,Chargers,"4,615,882","4,615,882"
"2,019",Chris Thompson,Washington,"3,906,250","3,000,000"
"2,019",Tevin Coleman,49ers,"3,600,000","3,568,750"
"2,019",Mark Ingram,Ravens,"3,333,333","6,000,000"
"2,019",Jalen Richard,Raiders,"3,095,000","3,095,000"
"2,019",Rex Burkhead,Patriots,"3,000,000","2,156,250"
"2,019",LeSean McCoy,Chiefs,"3,000,000","3,000,000"
"2,019",Theo Riddick,Broncos,"2,468,750","2,500,000"
"2,019",Rashaad Penny,Seahawks,"2,446,690","969,338"
"2,019",Duke Johnson,Texans,"2,200,000","2,200,000"
"2,019",Sony Michel,Patriots,"2,187,885","917,577"
"2,019",Josh Jacobs,Raiders,"2,169,709","7,193,836"
"2,019",Peyton Barber,Buccaneers,"2,125,000","2,125,000"
"2,019",Malcolm Brown,Rams,"2,125,000","2,200,000"
"2,019",Jason Verrett,49ers,"2,062,500","2,062,500"
"2,019",Jordan Howard,Eagles,"2,025,000","2,025,000"
"2,019",Frank Gore,Bills,"2,000,000","2,000,000"
"2,019",Raheem Mostert,49ers,"1,983,333","2,650,000"
"2,019",Carlos Hyde,Texans,"1,900,000","1,900,000"
"2,019",Latavius Murray,Saints,"1,850,000","4,400,000"
"2,019",Adrian Peterson,Washington,"1,780,000","2,530,000"
"2,019",Damien Williams,Chiefs,"1,733,333","1,200,000"
"2,019",Dalvin Cook,Vikings,"1,732,721","1,042,574"
"2,019",Derrick Henry,Titans,"1,720,705","1,187,445"
"2,019",Brandon Bolden,Patriots,"1,700,000","2,187,500"
"2,019",Nick Chubb,Browns,"1,677,976","815,595"
"2,019",Ronald Jones II,Buccaneers,"1,607,256","801,451"
"2,019",Joe Mixon,Bengals,"1,486,408","960,470"
"2,019",Kerryon Johnson,Lions,"1,478,113","775,623"
"2,019",Darren Sproles,Eagles,"1,330,000","1,330,000"
"2,019",T.J. Yeldon,Bills,"1,300,000","1,550,000"
"2,019",Isaiah Crowell,Raiders,"1,250,000","1,000,000"
"2,019",Kenyan Drake,Cardinals,"1,072,059","1,072,059"
"2,019",Alvin Kamara,Saints,"1,050,693","807,500"
"2,019",Derrius Guice,Washington,"1,032,258","686,452"
"2,019",Miles Sanders,Eagles,"974,587","2,413,348"
"2,019",C.J. Prosise,Seahawks,"918,116","745,000"
"2,019",Royce Freeman,Broncos,"910,255","661,000"
"2,019",James Conner,Steelers,"844,572","668,000"
"2,019",Devontae Booker,Broncos,"815,848","720,000"
"2,019",Tarik Cohen,Bears,"803,289","645,000"
"2,019",DeAndre Washington,Raiders,"787,299","720,000"
"2,019",Jamaal Williams,Packers,"786,498","645,000"
"2,019",Darrell Henderson,Rams,"767,664","1,585,656"
"2,019",David Montgomery,Bears,"756,545","1,541,180"
"2,019",Devin Singletary,Bills,"753,956","1,530,824"
"2,019",Nyheim Hines,Colts,"751,137","570,000"
"2,019",Wayne Gallman,Giants,"749,912","645,000"
"2,019",Marlon Mack,Colts,"749,912","645,000"
"2,019",Ty Montgomery,Jets,"735,000","895,000"
"2,019",Taiwan Jones,Texans,"735,000","1,020,000"
"2,019",Kenjon Barner,Falcons,"735,000","895,000"
"2,019",Bilal Powell,Jets,"735,000","1,020,000"
"2,019",Ameer Abdullah,Vikings,"735,000","810,000"
"2,019",Anthony Sherman,Chiefs,"735,000","1,020,000"
"2,019",Ito Smith,Falcons,"725,218","570,000"
"2,019",Dwayne Washington,Saints,"720,000","720,000"
"2,019",Wendell Smallwood,Washington,"720,000","720,000"
"2,019",Jonathan Williams,Colts,"720,000","720,000"
"2,019",David Fluellen,Titans,"720,000","720,000"
"2,019",Damien Harris,Patriots,"716,534","1,381,136"
"2,019",Alexander Mattison,Vikings,"700,545","1,317,180"
"2,019",Aaron Jones,Packers,"695,487","645,000"
"2,019",Chase Edmonds,Cardinals,"683,089","570,000"
"2,019",Justice Hill,Ravens,"680,414","1,236,656"
"2,019",Kalen Ballage,Dolphins,"675,648","528,353"
"2,019",Kareem Hunt,Browns,"671,470","596,471"
"2,019",Benjamin Snell Jr.,Steelers,"670,517","1,197,068"
"2,019",Tony Pollard,Cowboys,"662,582","1,165,328"
"2,019",Chris Carson,Seahawks,"661,285","645,000"
"2,019",Corey Clement,Eagles,"648,334","645,000"
"2,019",Matt Breida,49ers,"646,668","645,000"
"2,019",Austin Ekeler,Chargers,"646,668","645,000"
"2,019",C.J. Ham,Vikings,"645,000","645,000"
"2,019",Brian Hill,Falcons,"645,000","645,000"
"2,019",Troymaine Pope,Chargers,"645,000","645,000"
"2,019",Elijhaa Penny,Giants,"645,000","645,000"
"2,019",T.J. Logan,Buccaneers,"645,000","645,000"
"2,019",Bryce Love,Washington,"642,289","1,208,038"
"2,019",Jordan Wilkins,Colts,"630,310","570,000"
"2,019",Ryquell Armstead,Jaguars,"581,769","842,076"
"2,019",Phillip Lindsay,Broncos,"575,000","570,000"
"2,019",Qadree Ollison,Falcons,"572,891","806,564"
"2,019",Mike Boone,Vikings,"572,500","570,000"
"2,019",Buddy Howell,Texans,"570,000","570,000"
"2,019",Gus Edwards,Ravens,"570,000","570,000"
"2,019",Justin Jackson,Chargers,"570,000","570,000"
"2,019",Dontrell Hilliard,Browns,"559,588","559,588"
"2,019",Trayveon Williams,Bengals,"540,496","676,984"
"2,019",D.J. Foster,Cardinals,"539,118","539,118"
"2,019",Jordan Scarlett,Panthers,"538,238","771,188"
"2,019",Ty Johnson,Lions,"538,139","667,556"
"2,019",Dexter Williams,Packers,"536,514","661,056"
"2,019",Jeff Wilson,49ers,"536,471","536,471"
"2,019",Darrel Williams,Chiefs,"533,353","528,353"
"2,019",Travis Homer,Seahawks,"530,840","638,360"
"2,019",Darwin Thompson,Chiefs,"526,960","622,840"
"2,019",Trenton Cannon,Jets,"511,101","476,294"
"2,019",Myles Gaskin,Dolphins,"509,895","575,226"
"2,019",Senorise Perry,Bills,"508,235","508,235"
"2,019",Alec Ingold,Raiders,"498,333","505,000"
"2,019",Patrick Laird,Dolphins,"498,000","504,000"
"2,019",Reggie Bonnafon,Panthers,"495,000","495,000"
"2,019",Dare Ogunbowale,Buccaneers,"495,000","495,000"
"2,019",Devine Ozigbo,Jaguars,"495,000","495,000"
"2,019",D'ernest Johnson,Browns,"495,000","495,000"
"2,019",Buck Allen,Giants,"417,353","520,882"
"2,019",Mike Davis,Panthers,"411,765","411,765"
"2,019",Rodney Anderson,Bengals,"409,960","505,840"
"2,019",Boston Scott,Eagles,"402,353","402,353"
"2,019",Devante Mays,Jaguars,"393,000","393,000"
"2,019",Adam Choice,Seahawks,"378,600","379,800"
"2,019",Taj McGowan,Jaguars,"378,000","378,000"
"2,019",De'Lance Turner,Dolphins,"268,235","268,235"
"2,019",Josh Adams,Jets,"268,235","268,235"
"2,019",Ryan Nall,Bears,"232,941","232,941"
"2,019",Bo Scarbrough,Lions,"203,824","203,824"
"2,019",Kerrith Whyte,Steelers,"203,824","203,824"
"2,019",Spencer Ware,Chiefs,"189,412","189,412"
"2,019",Khalfani Muhammad,Broncos,"170,000","170,000"
"2,019",Tyler Ervin,Packers,"169,412","169,412"
"2,019",Jalin Moore,Jets,"138,833","144,500"
"2,019",Karan Higdon,Texans,"136,000","136,000"
"2,019",Mike Weber,Cowboys,"136,000","136,000"
"2,019",Taquan Mizzell,Saints,"136,000","136,000"
"2,019",Elijah Holyfield,Panthers,"136,000","136,000"
"2,019",Jordan Chunn,Cowboys,"120,000","120,000"
"2,019",Rod Smith,Raiders,"113,824","142,059"
"2,019",Josh Ferguson,Washington,"113,824","113,824"
"2,019",Justin Davis,Cardinals,"96,000","96,000"
"2,019",Chad Kanoff,Buccaneers,"96,000","96,000"
"2,019",Jon Hilliman,Giants,"88,000","88,000"
"2,019",Damarea Crockett,Packers,"88,000","88,000"
"2,019",Aca'Cedric Ware,Buccaneers,"88,000","88,000"
"2,019",James Butler,Raiders,"88,000","88,000"
"2,019",De'Angelo Henderson,Eagles,"88,000","88,000"
"2,019",Wes Hills,Lions,"87,353","87,353"
"2,019",Kenneth Dixon,Jets,"75,882","75,882"
"2,019",Byron Marshall,Ravens,"64,000","64,000"
"2,019",Craig Reynolds,Falcons,"56,000","56,000"
"2,019",Darius Jackson,Colts,"56,000","56,000"
"2,019",Ralph Webb,Steelers,"48,000","48,000"
"2,019",Elijah McGuire,Chiefs,"40,000","40,000"
"2,019",Jeremy McNichols,Jaguars,"37,941","37,941"
"2,019",Samaje Perine,Dolphins,"37,941","37,941"
"2,019",Marshawn Lynch,Seahawks,"37,941","60,588"
"2,019",Robert Turbin,Seahawks,"37,941","47,353"
"2,019",John Kelly,Rams,"33,529","33,529"
"2,019",Paul Perkins,Jaguars,"32,000","32,000"
"2,019",Derrick Gore,Washington,"24,000","24,000"
"2,019",Tony Brooks-James,Vikings,"24,000","24,000"
"2,019",Xavier Turner,Seahawks,"24,000","24,000"
"2,019",Dalyn Dawkins,Titans,"8,000","8,000"
"2,019",Shaun Wilson,Titans,"8,000","8,000"
"2,019",Christian Wade,Bills,0,"136,000"
"2,018",LeSean McCoy,Bills,"8,950,000","6,325,000"
"2,018",Todd Gurley,Rams,"7,228,306","21,950,000"
"2,018",Ezekiel Elliott,Cowboys,"6,806,274","2,718,758"
"2,018",Lamar Miller,Texans,"6,750,000","5,703,125"
"2,018",Leonard Fournette,Jaguars,"6,070,706","1,599,182"
"2,018",Jerick McKinnon,49ers,"6,000,000","11,750,000"
"2,018",Saquon Barkley,Giants,"5,671,773","21,247,092"
"2,018",Mark Ingram,Saints,"5,303,824","3,558,824"
"2,018",Latavius Murray,Vikings,"5,200,000","4,000,000"
"2,018",David Johnson,Cardinals,"5,041,843","13,882,500"
"2,018",Devonta Freeman,Falcons,"5,000,000","2,000,000"
"2,018",Bilal Powell,Jets,"4,883,334","4,000,000"
"2,018",Marshawn Lynch,Raiders,"4,453,125","4,031,250"
"2,018",Dion Lewis,Titans,"4,312,500","6,000,000"
"2,018",Giovani Bernard,Bengals,"4,250,000","3,450,000"
"2,018",Theo Riddick,Lions,"4,137,500","3,162,500"
"2,018",Jonathan Stewart,Giants,"3,925,000","3,125,000"
"2,018",Christian McCaffrey,Panthers,"3,918,478","1,248,696"
"2,018",Duke Johnson,Browns,"3,894,523","5,967,000"
"2,018",Melvin Gordon,Chargers,"3,394,924","1,889,967"
"2,018",Chris Thompson,Washington,"3,152,250","2,152,250"
"2,018",Corey Grant,Jaguars,"2,914,000","2,914,000"
"2,018",James White,Patriots,"2,500,000","2,000,000"
"2,018",Chris Ivory,Bills,"2,468,750","3,156,250"
"2,018",Rex Burkhead,Patriots,"2,312,500","4,250,000"
"2,018",Isaiah Crowell,Jets,"2,000,000","4,000,000"
"2,018",LeGarrette Blount,Lions,"2,000,000","2,000,000"
"2,018",Rashaad Penny,Seahawks,"1,957,352","6,389,408"
"2,018",Jay Ajayi,Eagles,"1,907,000","1,907,000"
"2,018",T.J. Yeldon,Jaguars,"1,881,656","1,241,424"
"2,018",Sony Michel,Patriots,"1,750,308","5,561,232"
"2,018",Damien Williams,Chiefs,"1,733,333","2,800,000"
"2,018",Jacquizz Rodgers,Buccaneers,"1,600,000","1,600,000"
"2,018",Doug Martin,Raiders,"1,475,000","1,475,000"
"2,018",Derrick Henry,Titans,"1,474,890","941,630"
"2,018",Dalvin Cook,Vikings,"1,443,934","753,787"
"2,018",Darren Sproles,Eagles,"1,433,750","1,415,000"
"2,018",Nick Chubb,Browns,"1,342,381","4,791,905"
"2,018",Jeremy Hill,Patriots,"1,331,250","1,218,750"
"2,018",Ronald Jones II,Buccaneers,"1,285,805","3,703,220"
"2,018",Joe Mixon,Bengals,"1,238,673","712,735"
"2,018",Mike Davis,Seahawks,"1,237,500","1,350,000"
"2,018",Carlos Hyde,Jaguars,"1,220,588","1,195,588"
"2,018",Kerryon Johnson,Lions,"1,182,490","3,289,960"
"2,018",Fozzy Whittaker,Panthers,"1,150,000","1,150,000"
"2,018",Spencer Ware,Chiefs,"1,108,334","1,750,000"
"2,018",Frank Gore,Dolphins,"1,105,000","1,105,000"
"2,018",Benny Cunningham,Bears,"1,037,500","1,050,000"
"2,018",Tevin Coleman,Falcons,"977,939","791,628"
"2,018",Kenyan Drake,Dolphins,"910,315","705,000"
"2,018",Alvin Kamara,Saints,"878,193","635,000"
"2,018",Brandon Bolden,Dolphins,"850,000","850,000"
"2,018",C.J. Prosise,Seahawks,"833,116","660,000"
"2,018",Derrius Guice,Washington,"825,806","1,863,224"
"2,018",Buck Allen,Ravens,"823,618","705,000"
"2,018",D'Onta Foreman,Texans,"778,371","588,500"
"2,018",James Conner,Steelers,"754,572","578,000"
"2,018",Cameron Artis-Payne,Panthers,"746,563","705,000"
"2,018",Royce Freeman,Broncos,"729,255","1,477,020"
"2,018",Devontae Booker,Broncos,"725,848","630,000"
"2,018",Alfred Blue,Texans,"720,000","880,000"
"2,018",Samaje Perine,Washington,"719,947","555,000"
"2,018",Kenneth Dixon,Ravens,"717,391","630,000"
"2,018",Tarik Cohen,Bears,"713,289","555,000"
"2,018",Raheem Mostert,49ers,"705,000","705,000"
"2,018",Rod Smith,Cowboys,"705,000","705,000"
"2,018",DeAndre Washington,Raiders,"697,299","630,000"
"2,018",Jamaal Williams,Packers,"696,498","555,000"
"2,018",Jordan Howard,Bears,"692,006","630,000"
"2,018",Wendell Smallwood,Eagles,"691,145","630,000"
"2,018",Nyheim Hines,Colts,"661,137","1,204,548"
"2,018",Wayne Gallman,Giants,"659,912","555,000"
"2,018",Marlon Mack,Colts,"659,912","555,000"
"2,018",Mark Walton,Bengals,"651,337","1,165,348"
"2,018",Rob Kelley,Washington,"631,000","630,000"
"2,018",Malcolm Brown,Rams,"630,000","630,000"
"2,018",David Fluellen,Titans,"630,000","630,000"
"2,018",Alex Collins,Ravens,"630,000","630,000"
"2,018",Peyton Barber,Buccaneers,"630,000","630,000"
"2,018",Adrian Peterson,Washington,"630,000","1,015,000"
"2,018",Stevan Ridley,Steelers,"630,000","790,000"
"2,018",Senorise Perry,Dolphins,"630,000","630,000"
"2,018",Jalen Richard,Raiders,"630,000","630,000"
"2,018",Alfred Morris,49ers,"630,000","790,000"
"2,018",Kalen Ballage,Dolphins,"627,295","1,069,180"
"2,018",Ito Smith,Falcons,"621,453","1,087,107"
"2,018",Marcus Murphy,Bills,"602,118","602,118"
"2,018",Taiwan Jones,Bills,"594,529","704,235"
"2,018",Chase Edmonds,Cardinals,"593,089","932,356"
"2,018",Chris Carson,Seahawks,"571,285","555,000"
"2,018",Justin Davis,Rams,"560,000","555,000"
"2,018",Austin Ekeler,Chargers,"556,666","555,000"
"2,018",C.J. Ham,Vikings,"555,000","555,000"
"2,018",Matt Breida,49ers,"546,254","544,588"
"2,018",Jordan Wilkins,Colts,"540,310","721,240"
"2,018",T.J. Logan,Cardinals,"530,487","480,000"
"2,018",Corey Clement,Eagles,"527,098","523,765"
"2,018",John Kelly,Rams,"527,073","668,292"
"2,018",Brian Hill,Falcons,"522,353","522,353"
"2,018",Aaron Jones,Packers,"519,369","468,882"
"2,018",Dwayne Washington,Saints,"518,824","518,824"
"2,018",Trenton Cannon,Jets,"514,807","619,228"
"2,018",Elijah McGuire,Jets,"513,835","471,706"
"2,018",Byron Marshall,Washington,"490,588","490,588"
"2,018",Elijhaa Penny,Giants,"489,706","489,706"
"2,018",Darrel Williams,Chiefs,"485,000","495,000"
"2,018",Mike Boone,Vikings,"482,500","487,500"
"2,018",Buddy Howell,Texans,"480,000","480,000"
"2,018",Phillip Lindsay,Broncos,"478,118","488,118"
"2,018",Paul Perkins,Giants,"461,137","398,000"
"2,018",Shaun Wilson,Buccaneers,"435,156","441,823"
"2,018",Josh Adams,Eagles,"423,529","423,529"
"2,018",Ameer Abdullah,Vikings,"412,586","412,586"
"2,018",Justin Jackson,Chargers,"395,294","395,294"
"2,018",D.J. Foster,Cardinals,"393,000","393,000"
"2,018",Daniel Lasco,Saints,"393,000","393,000"
"2,018",Ty Montgomery,Ravens,"379,324","379,324"
"2,018",Zach Zenner,Lions,"373,235","373,235"
"2,018",De'Lance Turner,Ravens,"369,177","369,177"
"2,018",J.D. Moore,Chiefs,"364,666","368,000"
"2,018",Elijah Hood,Panthers,"363,000","363,000"
"2,018",Chris Warren,Raiders,"363,000","363,000"
"2,018",Johnny Stanton,Vikings,"363,000","363,000"
"2,018",Gus Edwards,Ravens,"338,824","338,824"
"2,018",Dontrell Hilliard,Browns,"338,824","338,824"
"2,018",David Williams,Jaguars,"338,824","338,824"
"2,018",Detrez Newsome,Chargers,"310,588","310,588"
"2,018",Taquan Mizzell,Bears,"293,824","293,824"
"2,018",Matt Dayes,49ers,"261,176","261,176"
"2,018",Travaris Cadet,Panthers,"259,412","325,294"
"2,018",Kenjon Barner,Panthers,"259,412","325,294"
"2,018",Tra Carson,Packers,"226,589","226,589"
"2,018",Jonathan Williams,Colts,"222,353","222,353"
"2,018",Jeff Wilson,49ers,"169,412","169,412"
"2,018",Charcandrick West,Chiefs,"148,235","148,235"
"2,018",Jeremy McNichols,Titans,"130,588","130,588"
"2,018",Trey Edmunds,Steelers,"130,588","130,588"
"2,018",Reggie Bonnafon,Panthers,"129,200","129,200"
"2,018",Ryan Nall,Bears,"129,200","129,200"
"2,018",Brian Hill,Falcons,"129,200","129,200"
"2,018",Jordan Chunn,Cowboys,"129,200","129,200"
"2,018",Robert Martin,Giants,"121,600","121,600"
"2,018",Tyler Ervin,Ravens,"105,000","105,000"
"2,018",Troymaine Pope,Chargers,"97,941","97,941"
"2,018",De'Angelo Henderson,Jets,"97,941","97,941"
"2,018",C.J. Anderson,Rams,"92,941","92,941"
"2,018",Boston Scott,Eagles,"84,706","84,706"
"2,018",Keith Ford,Bills,"84,706","84,706"
"2,018",Brandon Wilds,Cardinals,"83,600","83,600"
"2,018",Kapri Bibbs,Packers,"82,941","82,941"
"2,018",Devante Mays,Browns,"76,000","76,000"
"2,018",James Butler,Raiders,"76,000","76,000"
"2,018",Donnel Pumphrey,Eagles,"76,000","76,000"
"2,018",Jeremy Langford,Falcons,"74,118","74,118"
"2,018",Darius Jackson,Cowboys,"65,294","65,294"
"2,018",Bo Scarbrough,Seahawks,"56,471","56,471"
"2,018",Lavon Coleman,Packers,"56,471","56,471"
"2,018",Roc Thomas,Vikings,"53,200","53,200"
"2,018",Josh Ferguson,Texans,"53,200","53,200"
"2,018",Mark Thompson,Jets,"38,000","38,000"
"2,018",Khalfani Muhammad,Broncos,"30,400","30,400"
"2,018",Dalyn Dawkins,Titans,"30,400","30,400"
"2,018",Ralph Webb,Steelers,"30,400","30,400"
"2,018",Dare Ogunbowale,Buccaneers,"30,400","30,400"
"2,018",Quinton Flowers,Bengals,"28,235","28,235"
"2,018",Joel Bouagnon,Jets,"22,800","22,800"
"2,018",Russ Hansbrough,Washington,"15,200","15,200"
"2,018",Justin Stockton,Lions,"15,200","15,200"
"2,018",Kareem Hunt,Chiefs,0,0
"2,018",Le'Veon Bell,Steelers,0,0
"2,017",Le'Veon Bell,Steelers,"12,120,000","12,120,000"
"2,017",LeSean McCoy,Bills,"10,375,000","6,250,000"
"2,017",DeMarco Murray,Titans,"6,950,000","6,250,000"
"2,017",Lamar Miller,Texans,"6,500,000","5,500,000"
"2,017",Jonathan Stewart,Panthers,"6,175,000","4,218,750"
"2,017",Chris Ivory,Jaguars,"6,000,000","5,000,000"
"2,017",Doug Martin,Buccaneers,"5,764,706","5,764,706"
"2,017",Mark Ingram,Saints,"5,345,000","3,700,000"
"2,017",Ezekiel Elliott,Cowboys,"5,112,702","1,025,186"
"2,017",Matt Forte,Jets,"5,000,000","4,000,000"
"2,017",Leonard Fournette,Jaguars,"4,936,524","18,351,096"
"2,017",Bilal Powell,Jets,"4,633,333","3,750,000"
"2,017",Devonta Freeman,Falcons,"4,418,106","16,297,000"
"2,017",Shane Vereen,Giants,"4,416,668","3,450,000"
"2,017",Darren Sproles,Eagles,"4,000,000","4,000,000"
"2,017",Mike Gillislee,Patriots,"3,968,750","3,781,250"
"2,017",Todd Gurley,Rams,"3,769,958","1,691,652"
"2,017",Giovani Bernard,Bengals,"3,675,000","3,000,000"
"2,017",Eddie Lacy,Seahawks,"3,562,500","4,250,000"
"2,017",Frank Gore,Colts,"3,500,000","3,500,000"
"2,017",Rex Burkhead,Patriots,"3,150,000","3,150,000"
"2,017",Christian McCaffrey,Panthers,"3,134,782","11,144,128"
"2,017",C.J. Anderson,Broncos,"3,000,000","3,000,000"
"2,017",Latavius Murray,Vikings,"2,956,250","4,250,000"
"2,017",Melvin Gordon,Chargers,"2,909,935","1,404,978"
"2,017",Isaiah Crowell,Browns,"2,746,000","2,746,000"
"2,017",Marshawn Lynch,Raiders,"2,701,838","4,289,338"
"2,017",Chris Thompson,Washington,"2,500,000","4,500,000"
"2,017",Theo Riddick,Lions,"2,400,000","1,475,000"
"2,017",Alfred Morris,Cowboys,"2,137,500","1,700,000"
"2,017",Jamaal Charles,Broncos,"1,953,125","2,500,000"
"2,017",Damien Williams,Dolphins,"1,797,000","1,797,000"
"2,017",Terrance West,Ravens,"1,797,000","1,797,000"
"2,017",James White,Patriots,"1,789,272","4,690,000"
"2,017",Danny Woodhead,Ravens,"1,750,000","3,250,000"
"2,017",Spencer Ware,Chiefs,"1,745,833","1,225,000"
"2,017",Jacquizz Rodgers,Buccaneers,"1,700,000","1,700,000"
"2,017",T.J. Yeldon,Jaguars,"1,612,848","972,616"
"2,017",Dion Lewis,Patriots,"1,487,500","1,400,000"
"2,017",Lance Dunbar,Rams,"1,476,563","1,500,000"
"2,017",Robert Turbin,Colts,"1,381,250","1,212,500"
"2,017",Fozzy Whittaker,Panthers,"1,350,000","1,350,000"
"2,017",LeGarrette Blount,Eagles,"1,250,000","1,250,000"
"2,017",Derrick Henry,Titans,"1,229,075","695,815"
"2,017",Jeremy Hill,Bengals,"1,194,328","931,855"
"2,017",Carlos Hyde,49ers,"1,171,443","922,047"
"2,017",Dalvin Cook,Vikings,"1,155,147","3,225,588"
"2,017",Charcandrick West,Chiefs,"1,152,083","825,000"
"2,017",Ameer Abdullah,Lions,"1,133,489","812,830"
"2,017",Cedric Peerman,Bengals,"1,087,500","1,050,000"
"2,017",Orleans Darkwa,Giants,"1,037,500","1,100,000"
"2,017",Joe Mixon,Bengals,"990,938","2,568,752"
"2,017",Charles Sims,Buccaneers,"950,023","779,000"
"2,017",Tevin Coleman,Falcons,"866,311","680,000"
"2,017",Duke Johnson,Browns,"830,023","652,500"
"2,017",Jerick McKinnon,Vikings,"828,750","700,000"
"2,017",Kenyan Drake,Dolphins,"800,315","595,000"
"2,017",Branden Oliver,Chargers,"800,000","800,000"
"2,017",David Johnson,Cardinals,"799,843","640,000"
"2,017",Ty Montgomery,Packers,"788,636","637,000"
"2,017",C.J. Prosise,Seahawks,"738,116","565,000"
"2,017",Buck Allen,Ravens,"733,618","615,000"
"2,017",Alfred Blue,Texans,"719,483","690,000"
"2,017",Alvin Kamara,Saints,"708,193","1,437,772"
"2,017",Adrian Peterson,Cardinals,"705,882","705,882"
"2,017",Benny Cunningham,Bears,"695,000","855,000"
"2,017",Kerwynn Williams,Cardinals,"690,000","690,000"
"2,017",Tyler Ervin,Texans,"676,892","540,000"
"2,017",Kareem Hunt,Chiefs,"658,988","1,240,952"
"2,017",Cameron Artis-Payne,Panthers,"656,563","615,000"
"2,017",James Conner,Steelers,"641,572","1,171,288"
"2,017",Devontae Booker,Broncos,"635,848","540,000"
"2,017",Samaje Perine,Washington,"629,947","1,124,788"
"2,017",Tarik Cohen,Bears,"623,289","1,098,156"
"2,017",Thomas Rawls,Seahawks,"620,000","615,000"
"2,017",Corey Grant,Jaguars,"616,668","615,000"
"2,017",Zach Zenner,Lions,"616,668","615,000"
"2,017",Brandon Bolden,Patriots,"615,000","775,000"
"2,017",Terron Ward,Falcons,"615,000","615,000"
"2,017",Rod Smith,Cowboys,"615,000","615,000"
"2,017",Jordan Todman,Texans,"615,000","775,000"
"2,017",D'Onta Foreman,Texans,"613,577","1,183,190"
"2,017",DeAndre Washington,Raiders,"607,299","540,000"
"2,017",Jamaal Williams,Packers,"606,498","1,030,992"
"2,017",Paul Perkins,Giants,"603,137","540,000"
"2,017",Jordan Howard,Bears,"602,006","540,000"
"2,017",Wendell Smallwood,Eagles,"601,145","540,000"
"2,017",Akeem Hunt,Chiefs,"578,824","578,824"
"2,017",Wayne Gallman,Giants,"569,912","884,648"
"2,017",Marlon Mack,Colts,"569,912","884,648"
"2,017",Kenjon Barner,Eagles,"568,235","568,235"
"2,017",Dwayne Washington,Lions,"558,941","540,000"
"2,017",Raheem Mostert,49ers,"545,294","545,294"
"2,017",David Fluellen,Titans,"540,000","540,000"
"2,017",Senorise Perry,Dolphins,"540,000","540,000"
"2,017",Malcolm Brown,Rams,"540,000","540,000"
"2,017",Peyton Barber,Buccaneers,"540,000","540,000"
"2,017",Jalen Richard,Raiders,"540,000","540,000"
"2,017",Aaron Jones,Packers,"515,487","666,948"
"2,017",Alex Collins,Ravens,"508,235","508,235"
"2,017",D.J. Foster,Cardinals,"508,235","508,235"
"2,017",Elijah McGuire,Jets,"507,129","633,516"
"2,017",Joe Williams,49ers,"505,346","977,384"
"2,017",Taiwan Jones,Bills,"503,471","618,765"
"2,017",De'Angelo Henderson,Broncos,"501,291","610,164"
"2,017",Donnel Pumphrey,Eagles,"498,854","930,770"
"2,017",Devante Mays,Packers,"483,761","540,044"
"2,017",Matt Dayes,Browns,"481,071","529,284"
"2,017",Andre Williams,Chargers,"479,647","479,647"
"2,017",Justin Davis,Rams,"470,000","480,000"
"2,017",Corey Clement,Eagles,"468,333","475,000"
"2,017",Rob Kelley,Washington,"468,118","467,118"
"2,017",Matt Breida,49ers,"466,666","470,000"
"2,017",Tion Green,Lions,"466,666","470,000"
"2,017",Austin Ekeler,Chargers,"466,666","470,000"
"2,017",C.J. Ham,Vikings,"465,000","465,000"
"2,017",Elijhaa Penny,Cardinals,"465,000","465,000"
"2,017",Taquan Mizzell,Bears,"465,000","465,000"
"2,017",Bishop Sankey,Vikings,"418,000","418,000"
"2,017",T.J. Logan,Cardinals,"398,487","549,948"
"2,017",Chris Carson,Seahawks,"391,814","440,669"
"2,017",Mike James,Lions,"378,000","443,000"
"2,017",Christine Michael,Colts,"378,000","443,000"
"2,017",George Winn,Colts,"378,000","378,000"
"2,017",Kenneth Dixon,Ravens,"373,436","277,588"
"2,017",Kenneth Farrow,Chargers,"364,666","363,000"
"2,017",Keith Marshall,Washington,"364,388","348,000"
"2,017",Darius Jackson,Browns,"363,000","363,000"
"2,017",I'Tavius Mathers,Jaguars,"349,666","353,000"
"2,017",Daniel Lasco,Saints,"349,412","349,412"
"2,017",Josh Ferguson,Colts,"349,412","349,412"
"2,017",Lenard Tillery,Rams,"348,833","350,500"
"2,017",Zach Laskey,Rams,"348,000","348,000"
"2,017",Tra Carson,Bengals,"348,000","348,000"
"2,017",Jay Ajayi,Eagles,"325,588","325,588"
"2,017",Mack Brown,Vikings,"285,882","285,882"
"2,017",Travaris Cadet,Bills,"275,471","345,177"
"2,017",Andre Ellington,Texans,"273,529","273,529"
"2,017",Mike Davis,Seahawks,"253,235","253,235"
"2,017",Jonathan Williams,Saints,"247,353","272,353"
"2,017",Fitzgerald Toussaint,Steelers,"243,529","243,529"
"2,017",Shane Smith,Giants,"218,824","218,824"
"2,017",Brian Hill,Bengals,"191,471","191,471"
"2,017",Byron Marshall,Washington,"191,118","191,118"
"2,017",LeShun Daniels,Washington,"150,353","150,353"
"2,017",Matt Jones,Colts,"148,000","148,000"
"2,017",De'Veon Smith,Dolphins,"136,765","136,765"
"2,017",Jeremy McNichols,49ers,"136,765","136,765"
"2,017",Tim Cook,Jaguars,"122,400","122,400"
"2,017",Kapri Bibbs,Washington,"108,529","108,529"
"2,017",George Atkinson III,Chiefs,"108,000","108,000"
"2,017",John Crockett,Ravens,"108,000","108,000"
"2,017",Brandon Wilds,Jaguars,"86,400","86,400"
"2,017",Jarveon Williams,Bengals,"82,059","82,059"
"2,017",Akeem Judd,Jets,"75,177","75,177"
"2,017",Stevan Ridley,Steelers,"72,353","91,176"
"2,017",Jeremy Langford,Jets,"67,200","67,200"
"2,017",Elijah Hood,Raiders,"64,800","64,800"
"2,017",Bronson Hill,Cardinals,"63,529","63,529"
"2,017",Dare Ogunbowale,Washington,"54,706","54,706"
"2,017",Josh Rounds,Browns,"50,400","50,400"
"2,017",Troymaine Pope,Texans,"43,200","43,200"
"2,017",Marcus Murphy,Bills,"36,176","36,176"
"2,017",Terrell Watson,Steelers,"36,000","36,000"
"2,017",Darius Victor,Cardinals,"36,000","36,000"
"2,017",Brandon Radcliff,Dolphins,"36,000","36,000"
"2,017",Russ Hansbrough,Chargers,"31,765","31,765"
"2,017",Terrence Magee,Falcons,"28,800","28,800"
"2,017",Khalfani Muhammad,Titans,"27,353","27,353"
"2,017",Jahad Thomas,Jets,"27,353","27,353"
"2,017",Trey Williams,Cowboys,"14,400","14,400"
"2,017",Austin Johnson,Buccaneers,"14,400","14,400"
"2,017",Jalen Simmons,Chargers,"7,200","7,200"
"2,017",Kenny Hilliard,Washington,"7,200","7,200"
"2,017",C.J. Spiller,Chiefs,0,0
"2,017",Dalyn Dawkins,Titans,0,0
"2,017",Terrence Magee,Falcons,0,0
"2,017",Tyler Ervin,Texans,0,0
"2,016",Adrian Peterson,Vikings,"12,000,000","12,000,000"
"2,016",Jonathan Stewart,Panthers,"9,550,000","5,750,000"
"2,016",Doug Martin,Buccaneers,"7,764,706","7,764,706"
"2,016",LeSean McCoy,Bills,"7,675,000","5,050,000"
"2,016",C.J. Anderson,Broncos,"6,000,000","6,000,000"
"2,016",DeMarco Murray,Titans,"6,000,000","6,700,000"
"2,016",Lamar Miller,Texans,"5,500,000","8,500,000"
"2,016",Jamaal Charles,Chiefs,"5,312,500","5,187,500"
"2,016",Darren Sproles,Eagles,"5,100,000","4,000,000"
"2,016",Shane Vereen,Giants,"4,916,666","3,750,000"
"2,016",Giovani Bernard,Bengals,"4,621,517","6,321,364"
"2,016",Ezekiel Elliott,Cowboys,"4,537,516","16,800,064"
"2,016",Ryan Mathews,Eagles,"4,000,000","3,000,000"
"2,016",Frank Gore,Colts,"4,000,000","4,000,000"
"2,016",Chris Ivory,Jaguars,"3,500,000","7,500,000"
"2,016",Todd Gurley,Rams,"3,141,632","1,063,326"
"2,016",Danny Woodhead,Chargers,"3,000,000","2,000,000"
"2,016",Matt Forte,Jets,"3,000,000","5,000,000"
"2,016",Rashad Jennings,Giants,"2,812,500","2,250,000"
"2,016",DeAngelo Williams,Steelers,"2,565,000","2,000,000"
"2,016",Mark Ingram,Saints,"2,510,000","3,100,000"
"2,016",Melvin Gordon,Chargers,"2,424,946","919,989"
"2,016",James Starks,Packers,"2,250,000","2,925,000"
"2,016",Darren McFadden,Cowboys,"2,150,000","1,343,750"
"2,016",Theo Riddick,Lions,"1,785,250","4,650,000"
"2,016",Bilal Powell,Jets,"1,733,333","3,500,000"
"2,016",Andre Ellington,Cardinals,"1,696,966","1,671,000"
"2,016",Benny Cunningham,Rams,"1,671,000","1,671,000"
"2,016",Reggie Bush,Bills,"1,500,000","1,500,000"
"2,016",Chris Johnson,Cardinals,"1,500,000","1,500,000"
"2,016",T.J. Yeldon,Jaguars,"1,344,040","703,808"
"2,016",Alfred Morris,Cowboys,"1,300,000","1,800,000"
"2,016",Brandon Bolden,Patriots,"1,272,500","1,135,000"
"2,016",Cedric Peerman,Bengals,"1,210,000","1,085,000"
"2,016",Taiwan Jones,Raiders,"1,150,000","1,150,000"
"2,016",Le'Veon Bell,Steelers,"1,130,346","796,271"
"2,016",Dion Lewis,Patriots,"1,087,500","1,000,000"
"2,016",Eddie Lacy,Packers,"1,079,404","867,602"
"2,016",Lance Dunbar,Cowboys,"1,031,250","1,250,000"
"2,016",LeGarrette Blount,Patriots,"1,025,000","1,000,000"
"2,016",Jeremy Hill,Bengals,"1,023,710","761,237"
"2,016",Carlos Hyde,49ers,"1,004,094","754,698"
"2,016",Derrick Henry,Titans,"983,260","2,583,040"
"2,016",Charcandrick West,Chiefs,"958,333","1,625,000"
"2,016",Spencer Ware,Chiefs,"958,333","1,625,000"
"2,016",Ameer Abdullah,Lions,"944,574","623,915"
"2,016",Jonathan Grimes,Texans,"900,000","900,000"
"2,016",Chase Reynolds,Rams,"862,500","875,000"
"2,016",Shaun Draughn,49ers,"860,000","860,000"
"2,016",Tim Hightower,Saints,"840,000","840,000"
"2,016",Matt Asiata,Vikings,"840,000","840,000"
"2,016",Charles Sims,Buccaneers,"836,023","665,000"
"2,016",Tevin Coleman,Falcons,"753,811","567,500"
"2,016",James Develin,Patriots,"750,000","750,000"
"2,016",Jerick McKinnon,Vikings,"738,750","610,000"
"2,016",Duke Johnson,Browns,"732,523","555,000"
"2,016",Stepfan Taylor,Cardinals,"725,125","675,000"
"2,016",Fozzy Whittaker,Panthers,"725,000","700,000"
"2,016",Devonta Freeman,Falcons,"721,106","600,000"
"2,016",Ka'Deem Carey,Bears,"710,845","600,000"
"2,016",David Johnson,Cardinals,"708,843","549,000"
"2,016",Latavius Murray,Raiders,"701,550","675,000"
"2,016",Rex Burkhead,Bengals,"700,550","675,000"
"2,016",James White,Patriots,"699,272","600,000"
"2,016",Ty Montgomery,Packers,"693,386","541,750"
"2,016",Matt Jones,Washington,"688,854","539,000"
"2,016",Bobby Rainey,Giants,"680,000","840,000"
"2,016",Lorenzo Taliaferro,Ravens,"675,146","600,000"
"2,016",Chris Thompson,Washington,"675,000","675,000"
"2,016",Jeremy Langford,Bears,"660,906","543,624"
"2,016",Kenyan Drake,Dolphins,"655,315","1,271,260"
"2,016",Buck Allen,Ravens,"643,618","525,000"
"2,016",Mike Davis,49ers,"642,195","525,000"
"2,016",Alfred Blue,Texans,"629,483","600,000"
"2,016",C.J. Prosise,Seahawks,"623,116","1,142,464"
"2,016",Isaiah Crowell,Browns,"603,334","600,000"
"2,016",Damien Williams,Dolphins,"601,168","600,000"
"2,016",Glenn Winston,Browns,"600,000","600,000"
"2,016",Robert Turbin,Colts,"600,000","760,000"
"2,016",Antonio Andrews,Titans,"600,000","600,000"
"2,016",Orleans Darkwa,Giants,"600,000","600,000"
"2,016",Kenjon Barner,Eagles,"600,000","600,000"
"2,016",Jordan Todman,Colts,"600,000","600,000"
"2,016",Fitzgerald Toussaint,Steelers,"600,000","600,000"
"2,016",Travaris Cadet,Saints,"600,000","760,000"
"2,016",Mike Gillislee,Bills,"600,000","600,000"
"2,016",Branden Oliver,Chargers,"600,000","600,000"
"2,016",Terrance West,Ravens,"600,000","600,000"
"2,016",Tyler Ervin,Texans,"586,892","997,568"
"2,016",Jay Ajayi,Dolphins,"580,203","525,000"
"2,016",Cameron Artis-Payne,Panthers,"566,563","525,000"
"2,016",Jacquizz Rodgers,Buccaneers,"564,706","715,294"
"2,016",Devontae Booker,Broncos,"545,848","833,392"
"2,016",Kenneth Dixon,Ravens,"545,848","833,392"
"2,016",Marcus Murphy,Saints,"542,322","525,000"
"2,016",Thomas Rawls,Seahawks,"530,000","525,000"
"2,016",Corey Grant,Jaguars,"526,666","525,000"
"2,016",Zach Zenner,Lions,"526,666","525,000"
"2,016",George Atkinson III,Browns,"525,000","525,000"
"2,016",Kapri Bibbs,Broncos,"525,000","525,000"
"2,016",DeAndre Washington,Raiders,"517,299","719,196"
"2,016",Paul Perkins,Giants,"513,137","702,548"
"2,016",Jordan Howard,Bears,"512,006","698,024"
"2,016",Wendell Smallwood,Eagles,"511,145","694,580"
"2,016",Jonathan Williams,Bills,"510,229","690,916"
"2,016",Alex Collins,Seahawks,"496,096","634,384"
"2,016",DuJuan Harris,49ers,"491,755","491,755"
"2,016",Dwayne Washington,Lions,"468,941","525,764"
"2,016",Daniel Lasco,Saints,"468,868","525,472"
"2,016",Kenneth Farrow,Chargers,"451,666","455,000"
"2,016",Rob Kelley,Washington,"451,000","453,000"
"2,016",Malcolm Brown,Rams,"450,000","450,000"
"2,016",Peyton Barber,Buccaneers,"450,000","450,000"
"2,016",Jalen Richard,Raiders,"450,000","450,000"
"2,016",Kerwynn Williams,Cardinals,"423,529","423,529"
"2,016",Knile Davis,Chiefs,"357,353","357,353"
"2,016",Juwan Thompson,Broncos,"352,941","352,941"
"2,016",Josh Ferguson,Colts,"351,333","358,000"
"2,016",Keith Marshall,Washington,"349,388","398,552"
"2,016",John Crockett,Packers,"348,000","348,000"
"2,016",Trey Millard,Chiefs,"333,000","333,000"
"2,016",Romar Morris,Jets,"333,000","333,000"
"2,016",Rajion Neal,Browns,"333,000","333,000"
"2,016",Brandon Cottom,Seahawks,"333,000","333,000"
"2,016",Zach Laskey,Rams,"333,000","333,000"
"2,016",Dexter McCluster,Chargers,"330,335","330,335"
"2,016",Terron Ward,Falcons,"308,824","308,824"
"2,016",Christine Michael,Packers,"277,941","277,941"
"2,016",Antone Smith,Buccaneers,"276,706","335,530"
"2,016",Ronnie Hillman,Chargers,"268,235","268,235"
"2,016",Mack Brown,Washington,"264,706","264,706"
"2,016",Akeem Hunt,Texans,"247,059","247,059"
"2,016",Don Jackson,Packers,"243,000","243,000"
"2,016",Paul Lasike,Bears,"211,765","211,765"
"2,016",Justin Forsett,Broncos,"208,235","208,235"
"2,016",Troymaine Pope,Seahawks,"185,294","185,294"
"2,016",Tre Mason,Rams,"159,375",0
"2,016",Nikita Whitlock,Giants,"143,294","143,294"
"2,016",Joique Bell,Lions,"141,176","178,824"
"2,016",D.J. Foster,Patriots,"132,353","132,353"
"2,016",Jalen Simmons,Panthers,"117,300","117,300"
"2,016",Darrin Reaves,Chiefs,"117,300","117,300"
"2,016",Elijhaa Penny,Cardinals,"117,300","117,300"
"2,016",Khiry Robinson,Jets,"110,824","158,824"
"2,016",Bronson Hill,Jaguars,"105,882","105,882"
"2,016",Brandon Wilds,Jets,"105,882","105,882"
"2,016",Senorise Perry,Dolphins,"82,800","82,800"
"2,016",Karlos Williams,Steelers,"82,800","82,800"
"2,016",Darius Jackson,Browns,"79,412","79,412"
"2,016",Byron Marshall,Eagles,"79,412","79,412"
"2,016",George Winn,Lions,"70,588","70,588"
"2,016",David Cobb,Bears,"69,000","69,000"
"2,016",Jhurell Pressley,Falcons,"69,000","69,000"
"2,016",Terrence Magee,Seahawks,"61,765","61,765"
"2,016",Rod Smith,Cowboys,"55,200","55,200"
"2,016",Storm Johnson,Dolphins,"55,200","55,200"
"2,016",Aaron Green,Rams,"52,941","52,941"
"2,016",C.J. Ham,Vikings,"52,941","52,941"
"2,016",Tyler Gaffney,Patriots,"48,300","48,300"
"2,016",Kenny Hilliard,Texans,"48,300","48,300"
"2,016",Joe Banyard,Jaguars,"39,706","39,706"
"2,016",Daryl Richardson,Jaguars,"35,294","35,294"
"2,016",Austin Johnson,Buccaneers,"35,294","35,294"
"2,016",Andre Williams,Chargers,"35,294","35,294"
"2,016",Bishop Sankey,Vikings,"34,500","34,500"
"2,016",Dreamius Smith,Steelers,"34,500","34,500"
"2,016",Mike James,Lions,"34,500","34,500"
"2,016",Raheem Mostert,49ers,"30,882","30,882"
"2,016",Chris Swain,Jets,"27,600","27,600"
"2,016",Stephen Houston,Ravens,"27,600","27,600"
"2,016",Brandon Burks,Jets,"26,471","26,471"
"2,016",Terrell Watson,Eagles,"26,471","26,471"
"2,016",Russ Hansbrough,Buccaneers,"26,471","26,471"
"2,016",Tra Carson,Bengals,"26,471","26,471"
"2,016",Cedric O'Neal,Bills,"20,700","20,700"
"2,016",David Fluellen,Titans,"20,700","20,700"
"2,016",Zac Brooks,Broncos,"20,700","20,700"
"2,016",Gus Johnson,Steelers,"13,800","13,800"
"2,016",Brandon Wegher,Rams,"13,800","13,800"
"2,016",Blake Sims,Buccaneers,"6,900","6,900"
"2,016",Brandon Brown-Dukes,Steelers,"6,900","6,900"
"2,016",Kelvin Taylor,Seahawks,"6,900","6,900"
"2,016",Gus Johnson,Chargers,"6,900","6,900"
"2,016",Rod Smith,Cowboys,0,0
"2,016",Dri Archer,Bills,0,0
"2,016",Trey Watts,Rams,0,"525,000"
"2,015",Adrian Peterson,Vikings,"15,400,000","13,000,000"
"2,015",Matt Forte,Bears,"9,200,000","7,903,125"
"2,015",Arian Foster,Texans,"8,706,250","6,125,000"
"2,015",Marshawn Lynch,Seahawks,"8,500,000","12,000,000"
"2,015",Jonathan Stewart,Panthers,"8,300,000","4,500,000"
"2,015",Jamaal Charles,Chiefs,"7,970,835","6,012,500"
"2,015",LeSean McCoy,Bills,"5,500,000","16,000,000"
"2,015",DeMarco Murray,Eagles,"5,000,000","9,000,000"
"2,015",Frank Gore,Colts,"4,500,000","4,500,000"
"2,015",Darren Sproles,Eagles,"4,100,000","3,100,000"
"2,015",Joique Bell,Lions,"3,500,000","2,500,000"
"2,015",Dexter McCluster,Titans,"3,350,000","2,350,000"
"2,015",Toby Gerhart,Jaguars,"3,000,000","3,000,000"
"2,015",Rashad Jennings,Giants,"2,812,500","2,250,000"
"2,015",Chris Ivory,Jets,"2,750,000","2,000,000"
"2,015",Shane Vereen,Giants,"2,516,666","4,850,000"
"2,015",Todd Gurley,Rams,"2,513,306","8,748,224"
"2,015",Danny Woodhead,Chargers,"2,500,000","1,500,000"
"2,015",Reggie Bush,49ers,"2,406,250","2,293,750"
"2,015",Donald Brown,Chargers,"2,294,118","2,294,118"
"2,015",Doug Martin,Buccaneers,"2,159,668","1,315,572"
"2,015",Roy Helu,Raiders,"2,100,000","2,100,000"
"2,015",Mark Ingram,Saints,"2,000,000","4,700,000"
"2,015",C.J. Spiller,Saints,"2,000,000","5,750,000"
"2,015",Ryan Mathews,Eagles,"2,000,000","4,000,000"
"2,015",Bilal Powell,Jets,"2,000,000","2,000,000"
"2,015",Melvin Gordon,Chargers,"1,939,957","6,454,828"
"2,015",James Starks,Packers,"1,837,500","1,550,000"
"2,015",Lamar Miller,Dolphins,"1,663,500","1,542,000"
"2,015",Justin Forsett,Ravens,"1,600,000","3,000,000"
"2,015",Alfred Morris,Washington,"1,572,775","1,542,000"
"2,015",Lance Dunbar,Cowboys,"1,542,000","1,542,000"
"2,015",Bobby Rainey,Buccaneers,"1,542,000","1,542,000"
"2,015",DeAngelo Williams,Steelers,"1,435,000","2,000,000"
"2,015",Giovani Bernard,Bengals,"1,432,729","882,576"
"2,015",Anthony Dixon,Bills,"1,266,666","1,000,000"
"2,015",Taiwan Jones,Raiders,"1,150,000","1,150,000"
"2,015",Darren McFadden,Cowboys,"1,150,000","1,550,000"
"2,015",Stevan Ridley,Jets,"1,096,875","1,016,875"
"2,015",T.J. Yeldon,Jaguars,"1,075,232","2,995,928"
"2,015",Brandon Bolden,Patriots,"1,035,000","1,172,500"
"2,015",Le'Veon Bell,Steelers,"1,032,082","687,882"
"2,015",LeGarrette Blount,Patriots,"955,882","1,130,882"
"2,015",Ronnie Hillman,Broncos,"942,708","770,000"
"2,015",Eddie Lacy,Packers,"925,203","713,401"
"2,015",Cedric Peerman,Bengals,"920,000","1,045,000"
"2,015",Fred Jackson,Seahawks,"900,000","900,000"
"2,015",Bishop Sankey,Titans,"873,522","594,704"
"2,015",Chris Johnson,Cardinals,"870,000","1,150,000"
"2,015",Jeremy Hill,Bengals,"853,091","590,618"
"2,015",Carlos Hyde,49ers,"836,745","587,349"
"2,015",Matt Asiata,Vikings,"800,000","800,000"
"2,015",Ameer Abdullah,Lions,"755,659","1,717,636"
"2,015",Chris Polk,Texans,"753,750","753,750"
"2,015",Knile Davis,Chiefs,"736,504","610,000"
"2,015",Charles Sims,Buccaneers,"726,023","555,000"
"2,015",Tre Mason,Rams,"689,410","530,035"
"2,015",Dion Lewis,Patriots,"673,471","1,073,471"
"2,015",James Develin,Patriots,"660,000","660,000"
"2,015",Bernard Pierce,Jaguars,"660,000","660,000"
"2,015",Jerick McKinnon,Vikings,"648,750","520,000"
"2,015",Stepfan Taylor,Cardinals,"635,125","585,000"
"2,015",Fozzy Whittaker,Panthers,"635,000","660,000"
"2,015",Devonta Freeman,Falcons,"631,106","510,000"
"2,015",Jacquizz Rodgers,Bears,"625,000","785,000"
"2,015",Andre Williams,Giants,"623,400","510,000"
"2,015",Tevin Coleman,Falcons,"621,311","1,180,244"
"2,015",Ka'Deem Carey,Bears,"620,845","510,000"
"2,015",Duke Johnson,Browns,"612,523","1,145,092"
"2,015",Latavius Murray,Raiders,"611,550","585,000"
"2,015",Andre Ellington,Cardinals,"610,966","585,000"
"2,015",Rex Burkhead,Bengals,"610,550","585,000"
"2,015",James White,Patriots,"609,272","510,000"
"2,015",Theo Riddick,Lions,"607,750","585,000"
"2,015",David Johnson,Cardinals,"594,843","1,074,372"
"2,015",C.J. Anderson,Broncos,"589,168","585,000"
"2,015",Benny Cunningham,Rams,"588,334","585,000"
"2,015",Khiry Robinson,Saints,"585,334","585,000"
"2,015",Jorvorskie Lane,Buccaneers,"585,000","585,000"
"2,015",Chase Reynolds,Rams,"585,000","585,000"
"2,015",Zac Stacy,Jets,"585,000","585,000"
"2,015",Jonathan Grimes,Texans,"585,000","585,000"
"2,015",Chris Thompson,Washington,"585,000","585,000"
"2,015",Jordan Todman,Steelers,"585,000","745,000"
"2,015",Matt Jones,Washington,"584,854","1,034,416"
"2,015",Jeremy Langford,Bears,"570,906","978,624"
"2,015",Buck Allen,Ravens,"553,618","909,472"
"2,015",Derrick Coleman,Seahawks,"550,588","550,588"
"2,015",Alfred Blue,Texans,"539,483","510,000"
"2,015",Isaiah Crowell,Browns,"513,333","510,000"
"2,015",Juwan Thompson,Broncos,"511,166","510,000"
"2,015",Damien Williams,Dolphins,"511,166","510,000"
"2,015",Orleans Darkwa,Giants,"510,000","510,000"
"2,015",Antonio Andrews,Titans,"510,000","510,000"
"2,015",Kenjon Barner,Eagles,"510,000","510,000"
"2,015",Charcandrick West,Chiefs,"510,000","510,000"
"2,015",Mike Davis,49ers,"497,136","848,721"
"2,015",Karlos Williams,Bills,"488,838","650,352"
"2,015",Cameron Artis-Payne,Panthers,"476,563","601,252"
"2,015",Lorenzo Taliaferro,Ravens,"460,205","385,059"
"2,015",David Cobb,Titans,"441,088","624,529"
"2,015",Glenn Winston,Browns,"437,117","437,117"
"2,015",Brandon Wegher,Panthers,"435,833","437,500"
"2,015",Terron Ward,Falcons,"435,333","436,000"
"2,015",Jay Ajayi,Dolphins,"435,144","614,518"
"2,015",Marcus Murphy,Saints,"431,675","483,641"
"2,015",Nikita Whitlock,Giants,"421,235","421,235"
"2,015",Thomas Rawls,Seahawks,"419,353","429,353"
"2,015",Branden Oliver,Chargers,"416,294","416,294"
"2,015",Matthew Tucker,Eagles,"395,471","395,471"
"2,015",Joe Banyard,Jaguars,"378,529","378,529"
"2,015",Corey Grant,Jaguars,"360,960","364,294"
"2,015",Zach Zenner,Lions,"360,960","364,294"
"2,015",Spencer Ware,Chiefs,"360,000","360,000"
"2,015",Tyler Varga,Colts,"354,412","359,412"
"2,015",Ahmad Bradshaw,Colts,"343,235","487,059"
"2,015",Silas Redd,Washington,"335,666","333,000"
"2,015",Shaun Draughn,49ers,"333,412","333,412"
"2,015",Michael Hill,Cowboys,"333,000","333,000"
"2,015",Senorise Perry,Bears,"333,000","333,000"
"2,015",Collin Mooney,Falcons,"333,000","333,000"
"2,015",George Winn,Lions,"330,000","330,000"
"2,015",Luke Lundy,Browns,"318,000","318,000"
"2,015",Tyler Gaffney,Patriots,"318,000","318,000"
"2,015",Tim Hightower,Saints,"309,706","394,412"
"2,015",Rod Smith,Cowboys,"307,059","307,059"
"2,015",Cierre Wood,Bills,"295,059","295,059"
"2,015",Robert Turbin,Cowboys,"271,765","271,765"
"2,015",Kendall Gaskins,49ers,"255,882","255,882"
"2,015",Dan Herron,Colts,"232,941","232,941"
"2,015",Terrance West,Ravens,"210,000","210,000"
"2,015",Fitzgerald Toussaint,Steelers,"180,000","180,000"
"2,015",Akeem Hunt,Texans,"179,118","179,118"
"2,015",Mike Gillislee,Bills,"150,000","150,000"
"2,015",Kerwynn Williams,Cardinals,"150,000","150,000"
"2,015",Pierre Thomas,Washington,"137,647","204,706"
"2,015",John Crockett,Packers,"127,941","127,941"
"2,015",Austin Johnson,Saints,"120,000","120,000"
"2,015",Kendall Hunter,Saints,"116,471","116,471"
"2,015",Bryce Brown,Seahawks,"116,471","116,471"
"2,015",Terrell Watson,Bengals,"112,200","112,200"
"2,015",James Wilder,Bengals,"112,200","112,200"
"2,015",David Fluellen,Titans,"112,200","112,200"
"2,015",Dom Williams,Vikings,"112,200","112,200"
"2,015",Zach Laskey,Rams,"112,200","112,200"
"2,015",Kenny Hilliard,Texans,"112,200","112,200"
"2,015",Christine Michael,Seahawks,"103,235","103,235"
"2,015",Paul Lasike,Bears,"99,000","99,000"
"2,015",Jonas Gray,Jaguars,"90,000","90,000"
"2,015",Darrin Reaves,Chiefs,"79,200","79,200"
"2,015",Travaris Cadet,Saints,"77,647","77,647"
"2,015",DuJuan Harris,49ers,"77,647","77,647"
"2,015",Raheem Mostert,Browns,"76,765","76,765"
"2,015",Terrence Magee,Ravens,"76,765","76,765"
"2,015",Kapri Bibbs,Broncos,"72,600","72,600"
"2,015",Robert Hughes,Cardinals,"72,600","72,600"
"2,015",Mike James,Buccaneers,"68,824","68,824"
"2,015",Steven Jackson,Patriots,"68,824","114,118"
"2,015",Gus Johnson,Falcons,"66,000","66,000"
"2,015",Trey Watts,Rams,"60,000","60,000"
"2,015",Trey Williams,Colts,"51,177","51,177"
"2,015",Dreamius Smith,Chargers,"51,176","51,176"
"2,015",Jarryd Hayne,49ers,"51,176","51,176"
"2,015",Brandon Cottom,Seahawks,"46,200","46,200"
"2,015",Josh Robinson,Colts,"46,200","46,200"
"2,015",George Atkinson III,Raiders,"46,200","46,200"
"2,015",Ben Malena,Cowboys,"33,000","33,000"
"2,015",Rajion Neal,Steelers,"33,000","33,000"
"2,015",Mack Brown,Washington,"26,400","26,400"
"2,015",Ross Scheuerman,Packers,"26,400","26,400"
"2,015",Bronson Hill,Saints,"26,400","26,400"
"2,015",Toben Opurum,Saints,"25,588","25,588"
"2,015",Malcolm Brown,Rams,"25,588","25,588"
"2,015",LaDarius Perkins,Colts,"19,800","19,800"
"2,015",Montee Ball,Patriots,"19,800","19,800"
"2,015",Marion Grice,Cardinals,"13,200","13,200"
"2,015",Alonzo Harris,Ravens,"13,200","13,200"
"2,015",Jahwan Edwards,Dolphins,"13,200","13,200"
"2,015",Kevin Monangai,Eagles,"6,600","6,600"
"2,015",Daryl Richardson,Browns,"6,600","6,600"
"2,015",Manasseh Garner,Bills,"6,600","6,600"
"2,014",Adrian Peterson,Vikings,"12,326,471","9,926,471"
"2,014",LeSean McCoy,Eagles,"9,700,000","8,000,000"
"2,014",Jamaal Charles,Chiefs,"9,633,333","8,300,000"
"2,014",Arian Foster,Texans,"8,456,250","6,156,250"
"2,014",Marshawn Lynch,Seahawks,"8,000,000","6,500,000"
"2,014",Matt Forte,Bears,"7,900,000","6,900,000"
"2,014",Frank Gore,49ers,"6,450,000","6,450,000"
"2,014",DeAngelo Williams,Panthers,"6,000,000","2,000,000"
"2,014",C.J. Spiller,Bills,"5,916,666","3,748,750"
"2,014",Jonathan Stewart,Panthers,"4,585,000","8,285,000"
"2,014",Steven Jackson,Falcons,"4,166,666","3,000,000"
"2,014",Toby Gerhart,Jaguars,"4,000,000","4,000,000"
"2,014",James Casey,Eagles,"3,985,000","3,985,000"
"2,014",Fred Jackson,Bills,"3,850,000","2,700,000"
"2,014",Ryan Mathews,Chargers,"3,612,000","1,978,250"
"2,014",Shonn Greene,Titans,"3,233,333","2,400,000"
"2,014",Knowshon Moreno,Dolphins,"3,000,000","2,756,250"
"2,014",Reggie Bush,Lions,"2,944,117","3,500,000"
"2,014",Chris Johnson,Jets,"2,750,000","4,000,000"
"2,014",Maurice Jones-Drew,Raiders,"2,500,000","2,500,000"
"2,014",Mark Ingram,Saints,"2,359,875","1,386,375"
"2,014",Joique Bell,Lions,"2,300,000","4,300,000"
"2,014",Trent Richardson,Colts,"2,252,708","2,252,708"
"2,014",Danny Woodhead,Chargers,"2,250,000","3,750,000"
"2,014",Dexter McCluster,Titans,"2,000,000","4,000,000"
"2,014",Darren Sproles,Eagles,"2,000,000","4,100,000"
"2,014",Doug Martin,Buccaneers,"1,851,144","1,007,048"
"2,014",Donald Brown,Chargers,"1,833,333","4,000,000"
"2,014",David Wilson,Giants,"1,823,046","997,682"
"2,014",Chris Ivory,Jets,"1,750,000","1,000,000"
"2,014",Darren McFadden,Raiders,"1,750,000","1,750,000"
"2,014",Taiwan Jones,Raiders,"1,651,250","1,550,000"
"2,014",DeMarco Murray,Cowboys,"1,596,625","1,431,000"
"2,014",Pierre Thomas,Saints,"1,570,000","2,400,000"
"2,014",Roy Helu,Washington,"1,548,563","1,431,000"
"2,014",Bilal Powell,Jets,"1,531,125","1,431,000"
"2,014",Jacquizz Rodgers,Falcons,"1,478,750","1,431,000"
"2,014",James Starks,Packers,"1,412,500","1,775,000"
"2,014",Rashad Jennings,Giants,"1,312,500","3,000,000"
"2,014",Giovani Bernard,Bengals,"1,193,941","643,788"
"2,014",Isaiah Pead,Rams,"1,101,300","757,100"
"2,014",Shane Vereen,Patriots,"1,101,275","846,975"
"2,014",Cedric Peerman,Bengals,"1,050,000","1,050,000"
"2,014",Anthony Dixon,Bills,"1,016,666","1,350,000"
"2,014",Stevan Ridley,Patriots,"939,750","777,750"
"2,014",Le'Veon Bell,Steelers,"936,500","592,300"
"2,014",Peyton Hillis,Giants,"855,000","855,000"
"2,014",Ronnie Hillman,Broncos,"807,708","635,000"
"2,014",Kendall Hunter,49ers,"804,805","745,000"
"2,014",Montee Ball,Broncos,"787,347","562,469"
"2,014",Eddie Lacy,Packers,"771,003","559,201"
"2,014",Christine Michael,Seahawks,"766,916","558,383"
"2,014",Antone Smith,Falcons,"762,500","730,000"
"2,014",Richie Brockel,Panthers,"755,000","830,000"
"2,014",Tony Fiammetta,Bears,"730,000","730,000"
"2,014",Bernard Pierce,Ravens,"708,986","570,000"
"2,014",Bishop Sankey,Titans,"698,818","1,535,272"
"2,014",Lamar Miller,Dolphins,"691,500","570,000"
"2,014",Robert Turbin,Seahawks,"684,114","570,000"
"2,014",Jeremy Hill,Bengals,"682,473","1,469,892"
"2,014",Carlos Hyde,49ers,"669,396","1,417,584"
"2,014",Knile Davis,Chiefs,"646,504","520,000"
"2,014",DuJuan Harris,Packers,"645,000","645,000"
"2,014",Jordan Todman,Jaguars,"645,000","645,000"
"2,014",Jonathan Dwyer,Cardinals,"635,000","795,000"
"2,014",Leon Washington,Titans,"635,000","920,000"
"2,014",Cyrus Gray,Chiefs,"605,418","578,500"
"2,014",Alfred Morris,Washington,"600,775","570,000"
"2,014",Tre Mason,Rams,"579,375","1,057,500"
"2,014",Brandon Bolden,Patriots,"574,582","570,000"
"2,014",Chris Polk,Eagles,"573,334","570,000"
"2,014",Travaris Cadet,Saints,"571,668","570,000"
"2,014",Bobby Rainey,Buccaneers,"570,000","570,000"
"2,014",Lance Dunbar,Cowboys,"570,000","570,000"
"2,014",Will Ta'ufo'ou,Jaguars,"570,000","570,000"
"2,014",James Develin,Patriots,"570,000","570,000"
"2,014",Bradie Ewing,Jaguars,"570,000","570,000"
"2,014",Matt Asiata,Vikings,"570,000","570,000"
"2,014",Bryce Brown,Bills,"570,000","570,000"
"2,014",Dan Herron,Colts,"570,000","570,000"
"2,014",Justin Forsett,Ravens,"570,000","730,000"
"2,014",Daniel Thomas,Dolphins,"569,118","569,118"
"2,014",Terrance West,Browns,"551,850","947,400"
"2,014",Dri Archer,Steelers,"546,504","926,016"
"2,014",Stepfan Taylor,Cardinals,"545,125","495,000"
"2,014",Joseph Randle,Cowboys,"542,220","495,000"
"2,014",Devonta Freeman,Falcons,"541,106","904,424"
"2,014",Zac Stacy,Rams,"539,125","495,000"
"2,014",Charles Sims,Buccaneers,"535,964","1,049,033"
"2,014",Andre Williams,Giants,"533,400","873,600"
"2,014",Vick Ballard,Colts,"531,140","495,000"
"2,014",Ka'Deem Carey,Bears,"530,845","863,380"
"2,014",Kory Sheets,Raiders,"525,000","525,000"
"2,014",Jerick McKinnon,Vikings,"521,221","907,471"
"2,014",Andre Ellington,Cardinals,"520,966","495,000"
"2,014",Mike James,Buccaneers,"520,788","495,000"
"2,014",Rex Burkhead,Bengals,"520,550","495,000"
"2,014",James White,Patriots,"519,272","817,088"
"2,014",Theo Riddick,Lions,"517,750","495,000"
"2,014",C.J. Anderson,Broncos,"499,166","495,000"
"2,014",Benny Cunningham,Rams,"498,333","495,000"
"2,014",Khiry Robinson,Saints,"495,333","495,000"
"2,014",Chase Reynolds,Rams,"495,000","495,000"
"2,014",Fozzy Whittaker,Panthers,"495,000","495,000"
"2,014",Jonathan Grimes,Texans,"495,000","495,000"
"2,014",Robert Hughes,Cardinals,"495,000","495,000"
"2,014",Ahmad Bradshaw,Colts,"486,353","702,529"
"2,014",Lorenzo Taliaferro,Ravens,"481,381","706,819"
"2,014",Joe Banyard,Vikings,"465,882","465,882"
"2,014",Alfred Blue,Texans,"449,483","537,932"
"2,014",Latavius Murray,Raiders,"446,550","420,000"
"2,014",Joe McKnight,Chiefs,"437,000","437,000"
"2,014",Storm Johnson,Jaguars,"435,682","482,728"
"2,014",Isaiah Crowell,Browns,"423,333","430,000"
"2,014",Silas Redd,Washington,"422,666","428,000"
"2,014",Trey Watts,Rams,"422,000","426,000"
"2,014",Damien Williams,Dolphins,"421,166","423,500"
"2,014",Juwan Thompson,Broncos,"421,166","423,500"
"2,014",Senorise Perry,Bears,"420,000","420,000"
"2,014",Branden Oliver,Chargers,"420,000","420,000"
"2,014",Glenn Winston,Browns,"420,000","420,000"
"2,014",Ronnie Brown,Chargers,"402,353","603,529"
"2,014",Derrick Coleman,Seahawks,"390,883","390,883"
"2,014",Jorvorskie Lane,Buccaneers,"384,706","384,706"
"2,014",Austin Johnson,Saints,"364,941","364,941"
"2,014",Mike Gillislee,Dolphins,"358,700","318,000"
"2,014",Marion Grice,Cardinals,"345,882","345,882"
"2,014",George Winn,Lions,"321,176","321,176"
"2,014",Tyler Gaffney,Patriots,"303,000","303,000"
"2,014",Michael Cox,Giants,"276,529","276,529"
"2,014",Jonas Gray,Patriots,"271,765","271,765"
"2,014",Alfonso Smith,49ers,"265,588","265,588"
"2,014",LeGarrette Blount,Patriots,"257,647","257,647"
"2,014",Antonio Andrews,Titans,"247,059","247,059"
"2,014",LaMichael James,Dolphins,"234,706","234,706"
"2,014",Jeremy Stewart,Broncos,"201,176","201,176"
"2,014",Orleans Darkwa,Giants,"172,941","172,941"
"2,014",Charcandrick West,Chiefs,"172,941","172,941"
"2,014",Marcus Thigpen,Bills,"167,647","167,647"
"2,014",Zurlon Tipton,Colts,"148,235","148,235"
"2,014",Josh Harris,Steelers,"148,235","148,235"
"2,014",Chris Ogbonnaya,Giants,"134,118","171,765"
"2,014",Shaun Draughn,Browns,"134,118","134,118"
"2,014",George Atkinson III,Raiders,"123,529","123,529"
"2,014",Kendall Gaskins,49ers,"107,100","107,100"
"2,014",James Wilder,Bengals,"107,100","107,100"
"2,014",Daryl Richardson,Jets,"107,100","107,100"
"2,014",Matthew Tucker,Eagles,"107,100","107,100"
"2,014",Ryan Williams,Cowboys,"107,100","107,100"
"2,014",Demitrius Bronson,Seahawks,"107,100","107,100"
"2,014",Onterio McCalebb,Bengals,"100,800","100,800"
"2,014",Kerwynn Williams,Cardinals,"98,824","98,824"
"2,014",Eric Kettani,Jaguars,"88,200",0
"2,014",D.J. Adams,Chargers,"88,200","88,200"
"2,014",Chris Thompson,Washington,"87,353","87,353"
"2,014",Lache Seastrunk,Titans,"81,900","81,900"
"2,014",Phillip Tanner,49ers,"75,882","75,882"
"2,014",Fitzgerald Toussaint,Ravens,"74,118","74,118"
"2,014",Evan Rodriguez,Buccaneers,"67,059","67,059"
"2,014",Ben Malena,Texans,"56,700","56,700"
"2,014",Darrin Reaves,Panthers,"56,700","56,700"
"2,014",Kenjon Barner,Eagles,"50,400","50,400"
"2,014",Rajion Neal,Packers,"50,400","50,400"
"2,014",Kiero Small,Ravens,"44,100","44,100"
"2,014",Dom Williams,Vikings,"37,800","37,800"
"2,014",LaDarius Perkins,Steelers,"37,800","37,800"
"2,014",Edwin Baker,Saints,"37,800","37,800"
"2,014",Henry Josey,Vikings,"33,529","33,529"
"2,014",Kapri Bibbs,Broncos,"31,500","31,500"
"2,014",Jeff Demps,Colts,"31,500","31,500"
"2,014",Jerome Smith,Falcons,"24,706","24,706"
"2,014",Michael Hill,Washington,"18,900","18,900"
"2,014",Zach Bauman,Cardinals,"12,600","12,600"
"2,014",Tauren Poole,Ravens,"12,600","12,600"
"2,014",Nikita Whitlock,Giants,"12,600","12,600"
"2,014",Ronnie Wingo,Falcons,"6,300","6,300"
"2,014",Michael Hill,Colts,0,0
"2,013",Adrian Peterson,Vikings,"13,900,000","11,500,000"
"2,013",Chris Johnson,Titans,"12,000,000","10,000,000"
"2,013",Darren McFadden,Raiders,"9,655,084","5,826,250"
"2,013",Marshawn Lynch,Seahawks,"8,500,000","7,000,000"
"2,013",Arian Foster,Texans,"8,250,000","5,500,000"
"2,013",Matt Forte,Bears,"7,300,000","6,300,000"
"2,013",Maurice Jones-Drew,Jaguars,"6,800,000","4,950,000"
"2,013",Frank Gore,49ers,"6,450,000","6,450,000"
"2,013",Ray Rice,Ravens,"5,750,000","8,000,000"
"2,013",DeAngelo Williams,Panthers,"5,000,000","5,000,000"
"2,013",LeSean McCoy,Eagles,"4,950,000","3,250,000"
"2,013",Jamaal Charles,Chiefs,"4,333,333","3,000,000"
"2,013",James Casey,Eagles,"4,015,000","4,015,000"
"2,013",Darren Sproles,Saints,"3,750,000","3,000,000"
"2,013",C.J. Spiller,Bills,"3,718,750","1,550,834"
"2,013",Fred Jackson,Bills,"3,700,000","2,850,000"
"2,013",Michael Bush,Bears,"3,550,000","2,550,000"
"2,013",Knowshon Moreno,Broncos,"3,343,880","1,700,000"
"2,013",BenJarvus Green-Ellis,Bengals,"3,250,000","2,500,000"
"2,013",Jonathan Stewart,Panthers,"3,015,000","3,215,000"
"2,013",Steven Jackson,Falcons,"2,916,666","5,250,000"
"2,013",Ryan Mathews,Chargers,"2,829,250","1,195,500"
"2,013",Donald Brown,Colts,"2,720,000","1,705,000"
"2,013",Shonn Greene,Titans,"2,583,333","4,250,000"
"2,013",Pierre Thomas,Saints,"2,500,000","2,500,000"
"2,013",Rashard Mendenhall,Cardinals,"2,500,000","2,500,000"
"2,013",Andre Brown,Giants,"2,023,000","2,023,000"
"2,013",Mark Ingram,Saints,"2,022,750","1,049,250"
"2,013",Reggie Bush,Lions,"2,000,000","5,000,000"
"2,013",Ahmad Bradshaw,Colts,"1,918,750","1,471,875"
"2,013",Doug Martin,Buccaneers,"1,542,620","698,524"
"2,013",David Wilson,Giants,"1,519,205","693,841"
"2,013",Chris Ivory,Jets,"1,500,000","3,000,000"
"2,013",Vonta Leach,Ravens,"1,470,000","2,000,000"
"2,013",Ryan Williams,Cardinals,"1,365,663","830,221"
"2,013",Danny Woodhead,Chargers,"1,250,000","1,750,000"
"2,013",Jason Snelling,Falcons,"1,208,333","850,000"
"2,013",Trent Richardson,Colts,"1,165,901","1,321,354"
"2,013",Cedric Peerman,Bengals,"1,115,000","1,115,000"
"2,013",Justin Forsett,Jaguars,"1,050,000","1,150,000"
"2,013",Ronnie Brown,Chargers,"1,050,000","1,050,000"
"2,013",Toby Gerhart,Vikings,"1,013,500","642,150"
"2,013",Greg Jones,Texans,"1,000,000","1,000,000"
"2,013",Giovani Bernard,Bengals,"955,153","2,605,612"
"2,013",Shane Vereen,Patriots,"943,950","689,650"
"2,013",Mikel Leshoure,Lions,"929,259","687,198"
"2,013",Ben Tate,Texans,"899,250","630,000"
"2,013",Isaiah Pead,Rams,"884,012","539,812"
"2,013",Daniel Thomas,Dolphins,"882,652","669,217"
"2,013",DeMarco Murray,Cowboys,"810,938","645,313"
"2,013",Stevan Ridley,Patriots,"805,500","643,500"
"2,013",Tony Fiammetta,Bears,"780,000","780,000"
"2,013",Chris Ogbonnaya,Browns,"775,000","775,000"
"2,013",LaMichael James,49ers,"754,295","540,859"
"2,013",Le'Veon Bell,Steelers,"749,200","1,781,800"
"2,013",Ronnie Hillman,Broncos,"687,708","515,000"
"2,013",LeGarrette Blount,Patriots,"680,000","780,000"
"2,013",Roy Helu,Washington,"672,563","555,000"
"2,013",Mike Goodson,Jets,"665,275","1,331,942"
"2,013",Kendall Hunter,49ers,"664,805","555,000"
"2,013",Antone Smith,Falcons,"662,500","695,000"
"2,013",Anthony Dixon,49ers,"660,150","630,000"
"2,013",Taiwan Jones,Raiders,"656,250","555,000"
"2,013",Bilal Powell,Jets,"655,125","555,000"
"2,013",James Starks,Packers,"655,075","630,000"
"2,013",Joique Bell,Lions,"630,000","630,000"
"2,013",Rashad Jennings,Raiders,"630,000","630,000"
"2,013",Montee Ball,Broncos,"629,878","1,304,512"
"2,013",Brian Leonard,Buccaneers,"620,000","780,000"
"2,013",LaRod Stephens-Howling,Steelers,"620,000","780,000"
"2,013",Bernard Pierce,Ravens,"618,986","480,000"
"2,013",Eddie Lacy,Packers,"616,802","1,252,208"
"2,013",Christine Michael,Seahawks,"613,533","1,239,132"
"2,013",Jacquizz Rodgers,Falcons,"602,750","555,000"
"2,013",Lamar Miller,Dolphins,"601,500","480,000"
"2,013",Robert Turbin,Seahawks,"594,114","480,000"
"2,013",Jonathan Dwyer,Steelers,"592,941","592,941"
"2,013",Felix Jones,Steelers,"587,500","780,000"
"2,013",Phillip Tanner,Cowboys,"555,500","555,000"
"2,013",Jordan Todman,Jaguars,"555,000","555,000"
"2,013",Alfonso Smith,Cardinals,"555,000","555,000"
"2,013",Richie Brockel,Panthers,"555,000","555,000"
"2,013",Alex Green,Jets,"555,000","555,000"
"2,013",DuJuan Harris,Packers,"555,000","555,000"
"2,013",Dion Lewis,Browns,"555,000","555,000"
"2,013",Evan Royster,Washington,"555,000","555,000"
"2,013",Josh Vaughan,Falcons,"555,000","555,000"
"2,013",Knile Davis,Chiefs,"531,504","911,016"
"2,013",Cyrus Gray,Chiefs,"514,918","488,000"
"2,013",Alfred Morris,Washington,"510,775","480,000"
"2,013",Bryce Brown,Eagles,"492,720","480,000"
"2,013",Daryl Richardson,Rams,"491,474","480,000"
"2,013",Willis McGahee,Browns,"489,706","829,412"
"2,013",Brandon Bolden,Patriots,"484,584","480,000"
"2,013",Chris Polk,Eagles,"483,333","480,000"
"2,013",Marcus Thigpen,Dolphins,"482,500","480,000"
"2,013",Travaris Cadet,Saints,"481,666","480,000"
"2,013",Brandon Jacobs,Giants,"480,530","480,530"
"2,013",Will Ta'ufo'ou,Jaguars,"480,000","480,000"
"2,013",James Develin,Patriots,"480,000","480,000"
"2,013",Matt Asiata,Vikings,"480,000","480,000"
"2,013",Frank Summers,Bills,"480,000","480,000"
"2,013",Stanley Havili,Colts,"480,000","480,000"
"2,013",Jeremy Stewart,Raiders,"480,000","480,000"
"2,013",Johnathan Franklin,Packers,"471,955","776,056"
"2,013",Spencer Larsen,Buccaneers,"457,059","457,059"
"2,013",Stepfan Taylor,Cardinals,"455,125","605,500"
"2,013",Joseph Randle,Cowboys,"452,220","593,880"
"2,013",Zac Stacy,Rams,"449,125","581,500"
"2,013",Mike Gillislee,Dolphins,"445,700","567,800"
"2,013",Lance Dunbar,Cowboys,"438,353","438,353"
"2,013",Kenjon Barner,Panthers,"431,450","510,800"
"2,013",Andre Ellington,Cardinals,"430,966","508,864"
"2,013",Rex Burkhead,Bengals,"430,550","507,200"
"2,013",Theo Riddick,Lions,"427,750","496,000"
"2,013",Michael Cox,Giants,"416,474","450,896"
"2,013",C.J. Anderson,Broncos,"409,166","417,500"
"2,013",Benny Cunningham,Rams,"408,333","415,000"
"2,013",Michael Ford,Bears,"406,166","408,500"
"2,013",Khiry Robinson,Saints,"405,333","406,000"
"2,013",Chase Reynolds,Rams,"405,000","405,000"
"2,013",Derrick Coleman,Seahawks,"405,000","405,000"
"2,013",Chris Thompson,Washington,"403,073","541,823"
"2,013",Mike James,Buccaneers,"382,611","459,975"
"2,013",Deveron Carr,Buccaneers,"381,176","381,176"
"2,013",Collin Mooney,Titans,"377,471","377,471"
"2,013",Marcus Lattimore,49ers,"363,146","588,584"
"2,013",Spencer Ware,Seahawks,"360,535","433,609"
"2,013",Peyton Hillis,Giants,"359,118","359,118"
"2,013",Jeff Demps,Buccaneers,"349,941","349,941"
"2,013",Vick Ballard,Colts,"349,552","313,412"
"2,013",Bradie Ewing,Falcons,"347,813","301,765"
"2,013",Deji Karim,Texans,"333,529","333,529"
"2,013",Michael Robinson,Seahawks,"326,471","326,471"
"2,013",Lex Hilliard,Jets,"322,900","322,900"
"2,013",Michael Smith,Buccaneers,"319,287","303,000"
"2,013",Latavius Murray,Raiders,"314,550","394,200"
"2,013",Zach Line,Vikings,"311,313","316,647"
"2,013",Fozzy Whittaker,Browns,"309,706","309,706"
"2,013",Dan Herron,Colts,"297,176","297,176"
"2,013",Alex Debniak,49ers,"289,666","293,000"
"2,013",Michael Zordich,Panthers,"289,000","291,000"
"2,013",Quentin Hines,Patriots,"288,333","289,000"
"2,013",John Griffin,Jets,"288,000","288,000"
"2,013",Bobby Rainey,Buccaneers,"282,353","282,353"
"2,013",Matthew Tucker,Eagles,"262,059","262,059"
"2,013",Leon Washington,Titans,"247,059","247,059"
"2,013",Da'Rel Scott,Giants,"238,412","238,412"
"2,013",Ronnie Wingo,Bills,"238,235","238,235"
"2,013",Evan Rodriguez,Bills,"225,882","225,882"
"2,013",Dennis Johnson,Texans,"214,412","214,412"
"2,013",Darius Reynaud,Jets,"168,235","168,235"
"2,013",Quinn Johnson,Titans,"168,235","168,235"
"2,013",Michael Hill,Buccaneers,"166,765","166,765"
"2,013",Lonnie Pryor,Buccaneers,"142,941","142,941"
"2,013",Chris Rainey,Colts,"138,177","138,177"
"2,013",Kahlil Bell,Packers,"130,588","130,588"
"2,013",Tashard Choice,Colts,"126,176","126,176"
"2,013",Delone Carter,Jaguars,"97,941","97,941"
"2,013",Bernard Scott,Ravens,"97,941","97,941"
"2,013",Kerwynn Williams,Chargers,"72,000","72,000"
"2,013",Edwin Baker,Browns,"71,471","71,471"
"2,013",Jawan Jamison,Washington,"71,471","71,471"
"2,013",Jonathan Grimes,Texans,"56,471","56,471"
"2,013",Joe Banyard,Vikings,"47,647","47,647"
"2,013",Shaun Chapas,Jaguars,"30,000","30,000"
"2,013",Ray Graham,Texans,"23,824","23,824"
"2,013",Toben Opurum,Texans,"23,824","23,824"
"2,013",Chad Spann,Texans,"23,824","23,824"
"2,012",Adrian Peterson,Vikings,"12,705,000","8,000,000"
"2,012",Chris Johnson,Titans,"11,431,670","8,000,000"
"2,012",Darren McFadden,Raiders,"9,458,833","5,630,000"
"2,012",Steven Jackson,Rams,"8,899,166","7,000,000"
"2,012",DeAngelo Williams,Panthers,"8,700,000","5,500,000"
"2,012",Arian Foster,Texans,"8,000,000","18,000,000"
"2,012",Matt Forte,Bears,"6,800,000","9,800,000"
"2,012",Maurice Jones-Drew,Jaguars,"6,400,000","4,450,000"
"2,012",Frank Gore,49ers,"6,000,000","5,600,000"
"2,012",Reggie Bush,Dolphins,"6,000,000","4,750,000"
"2,012",Marshawn Lynch,Seahawks,"5,500,000","10,000,000"
"2,012",Ray Rice,Ravens,"5,000,000","17,000,000"
"2,012",Jamaal Charles,Chiefs,"4,833,333","3,500,000"
"2,012",Ahmad Bradshaw,Giants,"4,500,000","3,250,000"
"2,012",Jonathan Stewart,Panthers,"4,390,418","9,811,250"
"2,012",Darren Sproles,Saints,"4,250,000","3,500,000"
"2,012",Trent Richardson,Browns,"3,725,418","13,731,672"
"2,012",Fred Jackson,Bills,"3,680,000","5,405,000"
"2,012",C.J. Spiller,Bills,"3,520,833","1,352,917"
"2,012",Rashard Mendenhall,Steelers,"3,436,324","2,333,824"
"2,012",Chris Wells,Cardinals,"3,017,500","750,000"
"2,012",BenJarvus Green-Ellis,Bengals,"3,000,000","4,250,000"
"2,012",LeSean McCoy,Eagles,"2,657,533","9,115,000"
"2,012",Knowshon Moreno,Broncos,"2,442,000","855,000"
"2,012",Ryan Mathews,Chargers,"2,346,500","712,750"
"2,012",Pierre Thomas,Saints,"2,260,000","2,260,000"
"2,012",Michael Bush,Bears,"2,000,000","5,000,000"
"2,012",Donald Brown,Colts,"1,880,000","865,000"
"2,012",Mark Ingram,Saints,"1,685,625","712,125"
"2,012",Toby Gerhart,Vikings,"1,378,500","1,007,150"
"2,012",Doug Martin,Buccaneers,"1,234,096","3,766,384"
"2,012",David Wilson,Giants,"1,215,364","3,691,456"
"2,012",Ryan Williams,Cardinals,"1,138,053","602,611"
"2,012",Danny Woodhead,Patriots,"1,091,668","950,000"
"2,012",Jason Snelling,Falcons,"1,058,333","1,775,000"
"2,012",Ronnie Brown,Chargers,"1,000,000","1,000,000"
"2,012",Shonn Greene,Jets,"841,250","615,000"
"2,012",Shane Vereen,Patriots,"786,625","532,325"
"2,012",Ben Tate,Texans,"759,250","490,000"
"2,012",Daniel Thomas,Dolphins,"735,544","522,109"
"2,012",Isaiah Pead,Rams,"734,200","1,766,800"
"2,012",DeMarco Murray,Cowboys,"675,781","510,156"
"2,012",Stevan Ridley,Patriots,"671,250","509,250"
"2,012",Chris Ivory,Saints,"614,568","619,200"
"2,012",LaMichael James,49ers,"603,436","1,243,744"
"2,012",Alex Green,Packers,"601,250","472,500"
"2,012",Roy Helu,Washington,"582,563","465,000"
"2,012",Kendall Hunter,49ers,"574,805","465,000"
"2,012",Rashad Jennings,Jaguars,"574,614","565,000"
"2,012",Delone Carter,Colts,"571,301","465,000"
"2,012",Anthony Dixon,49ers,"570,150","540,000"
"2,012",Owen Marecic,Browns,"566,903","465,000"
"2,012",Taiwan Jones,Raiders,"566,250","465,000"
"2,012",Bilal Powell,Jets,"565,125","465,000"
"2,012",James Starks,Packers,"565,075","540,000"
"2,012",Ronnie Hillman,Broncos,"562,708","1,080,832"
"2,012",Jamie Harper,Titans,"562,145","465,000"
"2,012",Justin Forsett,Texans,"555,000","715,000"
"2,012",Joique Bell,Lions,"540,000","540,000"
"2,012",Kevin Smith,Lions,"540,000",0
"2,012",LeGarrette Blount,Buccaneers,"540,000","540,000"
"2,012",Bernard Pierce,Ravens,"528,986","945,944"
"2,012",Jacquizz Rodgers,Falcons,"512,750","465,000"
"2,012",Dion Lewis,Eagles,"512,220","465,000"
"2,012",Lamar Miller,Dolphins,"511,500","876,000"
"2,012",Robert Turbin,Seahawks,"504,114","846,456"
"2,012",Evan Rodriguez,Bears,"501,300","835,200"
"2,012",Mikel Leshoure,Lions,"476,393","476,393"
"2,012",Phillip Tanner,Cowboys,"465,500","465,000"
"2,012",Anthony Allen,Ravens,"465,000","465,000"
"2,012",DuJuan Harris,Packers,"465,000","465,000"
"2,012",Evan Royster,Washington,"465,000","465,000"
"2,012",Chris Rainey,Steelers,"435,413","571,652"
"2,012",Vick Ballard,Colts,"426,140","534,560"
"2,012",Alfred Morris,Washington,"420,775","513,100"
"2,012",Cyrus Gray,Chiefs,"416,918","497,672"
"2,012",Andre Brown,Giants,"412,941","412,941"
"2,012",Michael Smith,Buccaneers,"406,287","455,148"
"2,012",Bryce Brown,Eagles,"402,720","440,880"
"2,012",Daryl Richardson,Rams,"401,474","435,896"
"2,012",Brandon Bolden,Patriots,"394,584","405,000"
"2,012",Chris Polk,Eagles,"393,333","400,000"
"2,012",Marcus Thigpen,Dolphins,"392,500","397,500"
"2,012",Travaris Cadet,Saints,"391,666","393,000"
"2,012",Jeff Demps,Buccaneers,"390,000","390,000"
"2,012",Lance Dunbar,Cowboys,"390,000","390,000"
"2,012",John Griffin,Jets,"390,000","390,000"
"2,012",Matt Asiata,Vikings,"390,000","390,000"
"2,012",Terrance Ganaway,Rams,"390,000","390,000"
"2,012",Da'Rel Scott,Giants,"364,459","350,471"
"2,012",Bradie Ewing,Falcons,"319,048","457,192"
"2,012",Ryan Grant,Packers,"176,470","176,470"
"2,012",Jordan Todman,Jaguars,"100,059","100,059"
"2,012",Drake Dunsmore,Buccaneers,"96,900","96,900"
"2,012",Dan Herron,Bengals,"91,765","91,765"
"2,012",Shaun Chapas,Lions,"82,059","82,059"
"2,012",Baron Batch,Steelers,"82,059","82,059"
"2,012",Edwin Baker,Chargers,"45,882","45,882"
"2,012",Brandon Saine,Packers,0,0
"2,012",William Powell,Cardinals,0,0
"2,012",William Powell,Cardinals,0,0
"2,011",Adrian Peterson,Vikings,"12,705,000","20,250,000"
"2,011",Darren McFadden,Raiders,"10,873,833","7,045,000"
"2,011",Steven Jackson,Rams,"9,099,166","7,200,000"
"2,011",C.J. Spiller,Bills,"8,650,416","9,622,919"
"2,011",Frank Gore,49ers,"7,133,000","5,000,000"
"2,011",DeAngelo Williams,Panthers,"6,700,000","19,500,000"
"2,011",Chris Johnson,Titans,"6,431,668","13,000,000"
"2,011",Maurice Jones-Drew,Jaguars,"6,000,000","4,200,000"
"2,011",Jamaal Charles,Chiefs,"4,933,333","3,600,000"
"2,011",Ryan Grant,Packers,"4,500,000","4,500,000"
"2,011",Pierre Thomas,Saints,"3,885,000","3,385,000"
"2,011",Reggie Bush,Dolphins,"3,750,000","5,000,000"
"2,011",Donald Brown,Colts,"3,255,000","2,240,000"
"2,011",Ahmad Bradshaw,Giants,"2,750,000","6,500,000"
"2,011",LaDainian Tomlinson,Jets,"2,625,000","2,625,000"
"2,011",Michael Bush,Raiders,"2,611,000","2,611,000"
"2,011",Knowshon Moreno,Broncos,"2,587,000","1,000,000"
"2,011",Jonathan Stewart,Panthers,"2,314,166","1,310,000"
"2,011",Fred Jackson,Bills,"2,175,000","1,900,000"
"2,011",Marshawn Lynch,Seahawks,"2,140,000","2,140,000"
"2,011",Ryan Mathews,Chargers,"2,083,750","11,302,500"
"2,011",Rashard Mendenhall,Steelers,"1,882,500","780,000"
"2,011",BenJarvus Green-Ellis,Patriots,"1,835,000","1,835,000"
"2,011",Darren Sproles,Saints,"1,750,000","4,000,000"
"2,011",Chris Wells,Cardinals,"1,585,000","622,500"
"2,011",Mark Ingram,Saints,"1,348,500","4,269,000"
"2,011",LaDainian Tomlinson,Jets,"1,325,000","1,325,000"
"2,011",Matt Forte,Bears,"983,333","600,000"
"2,011",Danny Woodhead,Patriots,"916,666","775,000"
"2,011",Ryan Williams,Cardinals,"910,442","2,516,768"
"2,011",Ray Rice,Ravens,"877,500","600,000"
"2,011",LeSean McCoy,Eagles,"867,530","525,000"
"2,011",Toby Gerhart,Vikings,"821,000","462,150"
"2,011",Shonn Greene,Jets,"751,250","525,000"
"2,011",Ben Tate,Texans,"674,250","405,000"
"2,011",Shane Vereen,Patriots,"629,300","1,392,200"
"2,011",Mikel Leshoure,Lions,"624,396","1,372,584"
"2,011",Justin Forsett,Seahawks,"600,000","600,000"
"2,011",Daniel Thomas,Dolphins,"588,435","1,228,740"
"2,011",DeMarco Murray,Cowboys,"540,625","1,037,500"
"2,011",Stevan Ridley,Patriots,"537,000","1,023,000"
"2,011",Rashad Jennings,Jaguars,"534,612","525,000"
"2,011",Arian Foster,Texans,"525,000","525,000"
"2,011",Alex Green,Packers,"503,750","890,000"
"2,011",Roy Helu,Washington,"492,563","845,252"
"2,011",Kendall Hunter,49ers,"484,805","863,020"
"2,011",Delone Carter,Colts,"481,301","800,203"
"2,011",Anthony Dixon,49ers,"480,150","450,000"
"2,011",Owen Marecic,Browns,"476,903","782,610"
"2,011",Taiwan Jones,Raiders,"476,250","780,000"
"2,011",Bilal Powell,Jets,"475,125","775,500"
"2,011",James Starks,Packers,"475,075","450,000"
"2,011",Jamie Harper,Titans,"472,145","763,580"
"2,011",LeGarrette Blount,Buccaneers,"450,000","450,000"
"2,011",Johnny White,Bills,"428,403","588,611"
"2,011",Jacquizz Rodgers,Falcons,"422,750","566,000"
"2,011",Dion Lewis,Eagles,"422,220","563,880"
"2,011",Greg Jones,Giants,"400,947","478,787"
"2,011",Da'Rel Scott,Giants,"388,988","430,952"
"2,011",Anthony Allen,Ravens,"387,589","425,879"
"2,011",Baron Batch,Steelers,"386,628","269,628"
"2,011",Chris Ivory,Saints,"378,784","377,118"
"2,011",Phillip Tanner,Cowboys,"375,500","376,500"
"2,011",Kevin Smith,Lions,"211,768","211,768"
"2,011",Evan Royster,Washington,"132,353","132,353"
"2,011",Shaun Chapas,Cowboys,"110,294","110,294"
"2,011",Andre Brown,Giants,"96,900","96,900"
"2,011",Shane Bannon,Chiefs,"91,200","91,200"
"2,011",Joique Bell,Lions,"26,471","26,471"
"2,011",Jay Finley,Seahawks,"22,800","22,800"
"2,011",Jordan Todman,Vikings,"22,059","22,059"
"2,011",Brandon Saine,Packers,0,0
"2,011",Mossis Madu,Buccaneers,0,0
"2,010",Reggie Bush,Saints,"11,990,000","8,490,000"
"2,010",Clinton Portis,Washington,"10,685,750","7,690,500"
"2,010",Steven Jackson,Rams,"8,004,166","6,105,000"
"2,010",Darren Sproles,Chargers,"7,283,100","7,283,100"
"2,010",Frank Gore,49ers,"6,354,875","4,221,875"
"2,010",Maurice Jones-Drew,Jaguars,"6,300,000","4,500,000"
"2,010",Knowshon Moreno,Broncos,"6,252,000","8,440,000"
"2,010",Ryan Grant,Packers,"5,765,625","5,765,625"
"2,010",Adrian Peterson,Vikings,"5,695,000","3,640,000"
"2,010",Darren McFadden,Raiders,"4,743,000","470,000"
"2,010",Jonathan Stewart,Panthers,"3,431,666","2,815,000"
"2,010",DeAngelo Williams,Panthers,"3,065,000","2,200,000"
"2,010",LaDainian Tomlinson,Jets,"2,525,000","2,525,000"
"2,010",Chris Johnson,Titans,"2,216,668","2,035,000"
"2,010",C.J. Spiller,Bills,"2,125,000","3,791,667"
"2,010",Jamaal Charles,Chiefs,"2,003,333","8,470,000"
"2,010",Fred Jackson,Bills,"1,770,000","1,495,000"
"2,010",Rashard Mendenhall,Steelers,"1,742,500","640,000"
"2,010",Ryan Mathews,Chargers,"1,731,000","4,231,000"
"2,010",Pierre Thomas,Saints,"1,684,000","1,684,000"
"2,010",Donald Brown,Colts,"1,410,000","3,655,000"
"2,010",Chris Wells,Cardinals,"1,387,500","2,675,000"
"2,010",Jason Wright,Cardinals,"1,200,000","1,100,000"
"2,010",LeSean McCoy,Eagles,"1,094,530","752,000"
"2,010",Ray Rice,Ravens,"1,091,500","814,000"
"2,010",Ahmad Bradshaw,Giants,"1,010,182","1,001,000"
"2,010",Matt Forte,Bears,"853,333","470,000"
"2,010",Toby Gerhart,Vikings,"691,000","1,804,000"
"2,010",Kevin Smith,Lions,"686,631","470,000"
"2,010",Marshawn Lynch,Seahawks,"676,765","676,765"
"2,010",Michael Bush,Raiders,"674,975","550,000"
"2,010",Shonn Greene,Jets,"621,250","395,000"
"2,010",Ben Tate,Texans,"589,250","1,397,000"
"2,010",Danny Woodhead,Patriots,"513,431","796,765"
"2,010",BenJarvus Green-Ellis,Patriots,"470,000","470,000"
"2,010",Justin Forsett,Seahawks,"470,000","470,000"
"2,010",Rashad Jennings,Jaguars,"404,612","395,000"
"2,010",Arian Foster,Texans,"395,000","395,000"
"2,010",Anthony Dixon,49ers,"350,150","440,600"
"2,010",Chris Ivory,Saints,"321,666","325,000"
"2,010",LeGarrette Blount,Buccaneers,"320,000","320,000"
"2,010",James Starks,Packers,"294,781","370,006"
"2,010",Andre Brown,Washington,"112,941","112,941"
"2,010",Joique Bell,Saints,"20,000","60,000"
"2,009",Reggie Bush,Saints,"10,585,000","7,085,000"
"2,009",LaDainian Tomlinson,Chargers,"7,541,669","6,725,000"
"2,009",Steven Jackson,Rams,"7,399,166","5,500,000"
"2,009",Darren Sproles,Chargers,"6,621,000","6,621,000"
"2,009",Maurice Jones-Drew,Jaguars,"6,190,000","13,150,000"
"2,009",Clinton Portis,Washington,"6,171,083","1,245,000"
"2,009",Frank Gore,49ers,"6,164,250","4,031,250"
"2,009",Darren McFadden,Raiders,"4,658,000","20,417,500"
"2,009",Ryan Grant,Packers,"4,250,000","4,250,000"
"2,009",Rashard Mendenhall,Steelers,"3,012,500","6,320,000"
"2,009",Jonathan Stewart,Panthers,"2,906,250","6,293,750"
"2,009",Adrian Peterson,Vikings,"2,810,000","755,000"
"2,009",Marshawn Lynch,Bills,"2,094,977","518,824"
"2,009",Knowshon Moreno,Broncos,"1,752,000","5,080,000"
"2,009",DeAngelo Williams,Panthers,"1,610,000","745,000"
"2,009",Fred Jackson,Bills,"1,425,000","2,250,000"
"2,009",Chris Johnson,Titans,"1,400,002","4,245,000"
"2,009",Chris Wells,Cardinals,"1,190,000","2,790,000"
"2,009",Donald Brown,Colts,"1,170,000","1,970,000"
"2,009",Jason Wright,Cardinals,"900,000","900,000"
"2,009",Maurice Jones-Drew,Jaguars,"775,000","585,000"
"2,009",Matt Forte,Bears,"768,333","385,000"
"2,009",Ray Rice,Ravens,"662,500","385,000"
"2,009",LeSean McCoy,Eagles,"652,530","1,680,123"
"2,009",Kevin Smith,Lions,"601,630","385,000"
"2,009",Jamaal Charles,Chiefs,"585,000","385,000"
"2,009",Michael Bush,Raiders,"584,975","460,000"
"2,009",Shonn Greene,Jets,"536,250","1,215,000"
"2,009",Ahmad Bradshaw,Giants,"469,181","460,000"
"2,009",Pierre Thomas,Saints,"461,668","460,000"
"2,009",BenJarvus Green-Ellis,Patriots,"385,000","385,000"
"2,009",Justin Forsett,Seahawks,"385,000","385,000"
"2,009",Andre Brown,Giants,"332,500","655,000"
"2,009",Rashad Jennings,Jaguars,"319,612","348,450"
"2,009",Danny Woodhead,Jets,"218,824","218,824"
"2,009",Arian Foster,Texans,"127,647","127,647"
"2,008",LaDainian Tomlinson,Chargers,"7,816,666","5,750,000"
"2,008",Edgerrin James,Cardinals,"6,750,000","6,750,000"
"2,008",Clinton Portis,Washington,"6,031,083","10,430,500"
"2,008",Reggie Bush,Saints,"5,050,000","5,550,000"
"2,008",Frank Gore,49ers,"4,795,000","6,827,000"
"2,008",Ryan Grant,Packers,"4,265,000","4,265,000"
"2,008",Steven Jackson,Rams,"3,049,166","12,000,000"
"2,008",Darren McFadden,Raiders,"2,625,000","2,625,000"
"2,008",Adrian Peterson,Vikings,"2,425,000","8,145,000"
"2,008",DeAngelo Williams,Panthers,"2,245,000","1,380,000"
"2,008",Marshawn Lynch,Bills,"1,951,153","4,875,000"
"2,008",Jonathan Stewart,Panthers,"1,495,000","1,895,000"
"2,008",Chris Johnson,Titans,"1,220,002","3,025,010"
"2,008",Darren Sproles,Chargers,"1,198,000","1,100,000"
"2,008",Rashard Mendenhall,Steelers,"1,190,000","1,190,000"
"2,008",Jason Wright,Browns,"939,500","927,000"
"2,008",Ray Rice,Ravens,"916,500","1,405,000"
"2,008",Maurice Jones-Drew,Jaguars,"685,000","445,000"
"2,008",Matt Forte,Bears,"678,333","2,356,500"
"2,008",Kevin Smith,Lions,"511,630","944,891"
"2,008",Jamaal Charles,Chiefs,"495,000","895,000"
"2,008",Michael Bush,Raiders,"419,975","295,000"
"2,008",Ahmad Bradshaw,Giants,"379,181","370,000"
"2,008",Pierre Thomas,Saints,"371,666","370,000"
"2,008",Fred Jackson,Bills,"370,000","370,000"
"2,008",BenJarvus Green-Ellis,Patriots,"208,235","208,235"
"2,008",Danny Woodhead,Jets,"200,666","202,000"
"2,008",Justin Forsett,Seahawks,"190,882","295,000"
"2,007",LaDainian Tomlinson,Chargers,"7,066,666","5,000,000"
"2,007",Edgerrin James,Cardinals,"7,000,000","7,000,000"
"2,007",Shaun Alexander,Seahawks,"5,700,000","3,400,000"
"2,007",Clinton Portis,Washington,"3,966,833","4,500,000"
"2,007",Reggie Bush,Saints,"3,675,000","13,375,000"
"2,007",Frank Gore,49ers,"2,867,834","7,035,000"
"2,007",Adrian Peterson,Vikings,"2,040,000","6,990,000"
"2,007",Marshawn Lynch,Bills,"1,521,025","5,785,000"
"2,007",DeAngelo Williams,Panthers,"1,225,000","3,820,000"
"2,007",Steven Jackson,Rams,"1,212,500","667,500"
"2,007",Maurice Jones-Drew,Jaguars,"600,000","780,000"
"2,007",Jason Wright,Browns,"532,500","535,000"
"2,007",Darren Sproles,Chargers,"483,000","385,000"
"2,007",Michael Bush,Raiders,"314,975","689,900"
"2,007",Ryan Grant,Packers,"310,000","310,000"
"2,007",Ahmad Bradshaw,Giants,"294,181","321,725"
"2,007",Pierre Thomas,Saints,"286,666","290,000"
"2,007",Fred Jackson,Bills,"285,000","285,000"
"2,006",Edgerrin James,Cardinals,"9,500,000","9,500,000"
"2,006",LaDainian Tomlinson,Chargers,"6,316,666","4,250,000"
"2,006",Shaun Alexander,Seahawks,"5,925,000","15,125,000"
"2,006",Clinton Portis,Washington,"3,175,833","3,585,000"
"2,006",Reggie Bush,Saints,"2,700,000","6,500,000"
"2,006",Curtis Martin,Jets,"2,382,021","475,000"
"2,006",Steven Jackson,Rams,"1,752,500","502,500"
"2,006",DeAngelo Williams,Panthers,"980,000","980,000"
"2,006",Frank Gore,49ers,"549,833","350,000"
"2,006",Maurice Jones-Drew,Jaguars,"500,000","1,030,000"
"2,006",Jason Wright,Browns,"409,706","419,706"
"2,006",Darren Sproles,Chargers,"293,000","195,000"
"2,006",Ryan Grant,Giants,"290,000","325,000"
"2,006",Fred Jackson,Bills,"79,900","79,900"
"2,005",Edgerrin James,Colts,"9,081,000","9,081,000"
"2,005",LaDainian Tomlinson,Chargers,"8,066,666","5,000,000"
"2,005",Shaun Alexander,Seahawks,"6,323,000","6,323,000"
"2,005",Curtis Martin,Jets,"5,590,354","3,683,333"
"2,005",Clinton Portis,Washington,"2,385,833","455,000"
"2,005",Steven Jackson,Rams,"1,587,500","2,287,500"
"2,005",Frank Gore,49ers,"429,833","829,500"
"2,005",Darren Sproles,Chargers,"328,000","622,000"
"2,005",Ryan Grant,Giants,"79,900","79,900"
"2,005",Jason Wright,Browns,"9,400","9,400"
"2,004",LaDainian Tomlinson,Chargers,"6,666,666","16,000,000"
"2,004",Curtis Martin,Jets,"4,707,021","2,800,000"
"2,004",Shaun Alexander,Seahawks,"3,837,500","3,450,000"
"2,004",Emmitt Smith,Cardinals,"3,750,000","2,500,000"
"2,004",Clinton Portis,Washington,"3,725,833","13,380,000"
"2,004",Steven Jackson,Rams,"1,070,000","2,710,000"
"2,004",Jason Wright,Falcons,"40,588","40,588"
"2,003",Curtis Martin,Jets,"4,787,346","4,175,700"
"2,003",Emmitt Smith,Cardinals,"3,750,000","5,000,000"
"2,003",LaDainian Tomlinson,Chargers,"3,000,000","1,500,000"
"2,003",Shaun Alexander,Seahawks,"1,521,875","650,000"
"2,003",Clinton Portis,Broncos,"622,500","300,000"
"2,002",Clinton Portis,Broncos,"547,500","1,515,000"
"2,002",Curtis Martin,Jets,"8,018,896","13,500,000"
"2,002",Emmitt Smith,Cowboys,"10,306,600","6,000,000"
"2,002",LaDainian Tomlinson,Chargers,"3,250,000","1,750,000"
"2,002",Shaun Alexander,Seahawks,"1,446,875","575,000"
"2,001",Curtis Martin,Jets,"8,455,125","5,364,800"
"2,001",Emmitt Smith,Cowboys,"4,783,600","5,850,000"
"2,001",Terrell Davis,Broncos,"3,334,718","3,000,000"
"2,001",LaDainian Tomlinson,Chargers,"2,000,000","7,000,000"
"2,001",Shaun Alexander,Seahawks,"1,169,875","498,000"
"2,000",Emmitt Smith,Cowboys,"3,672,000","4,650,000"
"2,000",Curtis Martin,Jets,"3,530,325","4,358,900"
"2,000",Terrell Davis,Broncos,"2,452,218","1,300,000"
"2,000",Shaun Alexander,Seahawks,"1,064,875","4,068,000"
"1,999",Terrell Davis,Broncos,"2,789,361","900,000"
"1,999",Emmitt Smith,Cowboys,"2,782,000","4,000,000"
"1,999",Curtis Martin,Jets,"2,485,600","3,353,000"
"1,998",Barry Sanders,Lions,"3,805,908","2,000,000"
"1,998",Emmitt Smith,Cowboys,"3,000,000","1,500,000"
"1,998",Terrell Davis,Broncos,"2,389,361","11,500,000"
"1,998",Curtis Martin,Jets,"2,215,000","8,275,000"
"1,997",Barry Sanders,Lions,"3,205,908","12,400,000"
"1,997",Emmitt Smith,Cowboys,"2,500,000","1,000,000"
"1,997",Terrell Davis,Broncos,"812,668","600,000"
"1,997",Curtis Martin,Patriots,"339,568","247,900"
"1,996",Barry Sanders,Lions,"4,346,500","4,346,500"
"1,996",Emmitt Smith,Cowboys,"3,001,000","12,001,000"
"1,996",Terrell Davis,Broncos,"412,666","1,300,000"
"1,996",Curtis Martin,Patriots,"297,666","206,000"
"1,995",Emmitt Smith,Cowboys,"3,400,000","2,400,000"
"1,995",Barry Sanders,Lions,"2,933,000","2,933,000"
"1,995",Curtis Martin,Patriots,"259,666","443,000"
"1,995",Terrell Davis,Broncos,"131,666","157,000"
"1,994",Barry Sanders,Lions,"3,500,000","2,975,000"
"1,994",Emmitt Smith,Cowboys,"3,200,000","2,200,000"
"1,993",Barry Sanders,Lions,"4,350,000","3,825,000"
"1,993",Emmitt Smith,Cowboys,"4,000,000","7,000,000"
"1,992",Barry Sanders,Lions,"1,445,000","920,000"
"1,992",Emmitt Smith,Cowboys,"715,000","465,000"
"1,991",Barry Sanders,Lions,"1,245,000","1,140,000"
"1,991",Emmitt Smith,Cowboys,"630,000","380,000"
"1,990",Barry Sanders,Lions,"1,040,000","620,000"
"1,990",Emmitt Smith,Cowboys,"580,000","1,330,000"
"1,989",Barry Sanders,Lions,"920,000","2,600,000"
