,playerid,year,playername,team,age,g,gs,attempts,yards,tds,longgain,yardsperatt,yardspergame,fumbles
0,AAbduAm00,2020,Ameer Abdullah,MIN,27,6,0,2,7,0,4,3.5,1.2,0
1,AAbduAm00,2019,Ameer Abdullah,MIN,26,16,0,23,115,0,15,5.0,7.2,1
2,AAbduAm00,2017,Ameer Abdullah,DET,24,14,11,165,552,4,34,3.3,39.4,2
3,AAbduAm00,2016,Ameer Abdullah,DET,23,2,2,18,101,0,24,5.6,50.5,0
4,AAbduAm00,2015,Ameer Abdullah,DET,22,16,9,143,597,2,36,4.2,37.3,5
5,AAbduKa00,1999,Karim Abdul-Jabbar,2TM,25,13,9,143,445,1,21,3.1,34.2,0
6,AAbduKa00,1998,Karim Abdul-Jabbar,MIA,24,15,15,270,960,6,45,3.6,64.0,2
7,AAbduKa00,1997,Karim Abdul-Jabbar,MIA,23,16,14,283,892,15,22,3.2,55.8,3
8,AAbduKa00,1996,Karim Abdul-Jabbar,MIA,22,16,14,307,1116,11,29,3.6,69.8,4
9,AAddaJo00,2011,Joseph Addai,IND,28,12,11,118,433,1,16,3.7,36.1,1
10,AAddaJo00,2009,Joseph Addai,IND,26,15,15,219,828,10,21,3.8,55.2,1
11,AAddaJo00,2008,Joseph Addai,IND,25,12,12,155,544,5,23,3.5,45.3,1
12,AAddaJo00,2007,Joseph Addai,IND,24,15,15,261,1072,12,23,4.1,71.5,0
13,AAddaJo00,2006,Joseph Addai,IND,23,16,0,226,1081,7,41,4.8,67.6,2
14,AAjayJa00,2019,Jay Ajayi,PHI,26,3,0,10,30,0,11,3.0,10.0,0
15,AAjayJa00,2018,Jay Ajayi,PHI,25,4,3,45,184,3,20,4.1,46.0,1
16,AAjayJa00,2017,Jay Ajayi,2TM,24,14,8,208,873,1,71,4.2,62.4,3
17,AAjayJa00,2016,Jay Ajayi,MIA,23,15,12,260,1272,8,62,4.9,84.8,4
18,AAjayJa00,2015,Jay Ajayi,MIA,22,9,0,49,187,1,24,3.8,20.8,0
19,AAlexSh00,2008,Shaun Alexander ,WAS,31,4,0,11,24,0,8,2.2,6.0,0
20,AAlexSh00,2007,Shaun Alexander ,SEA,30,13,10,207,716,4,25,3.5,55.1,2
21,AAlexSh00,2006,Shaun Alexander ,SEA,29,10,10,252,896,7,33,3.6,89.6,6
22,AAlexSh00,2005,Shaun Alexander ,SEA,28,16,16,370,1880,27,88,5.1,117.5,5
23,AAlexSh00,2004,Shaun Alexander ,SEA,27,16,16,353,1696,16,44,4.8,106.0,5
24,AAlexSh00,2003,Shaun Alexander ,SEA,26,16,15,326,1435,14,55,4.4,89.7,4
25,AAlexSh00,2002,Shaun Alexander ,SEA,25,16,16,295,1175,16,58,4.0,73.4,3
26,AAlexSh00,2001,Shaun Alexander ,SEA,24,16,12,309,1318,14,88,4.3,82.4,4
27,AAlexSh00,2000,Shaun Alexander ,SEA,23,16,1,64,313,2,50,4.9,19.6,2
28,AAlleJa00,2000,James Allen,CHI,25,16,15,290,1120,2,29,3.9,70.0,5
29,AAlleJa00,1999,James Allen,CHI,24,12,3,32,119,0,13,3.7,9.9,0
30,AAlleJa00,1998,James Allen,CHI,23,6,2,58,270,1,57,4.7,45.0,1
31,AAlleMa00,1997,Marcus Allen,KAN,37,16,0,124,505,11,30,4.1,31.6,4
32,AAlleMa00,1996,Marcus Allen,KAN,36,16,15,206,830,9,35,4.0,51.9,2
33,AAlleMa00,1995,Marcus Allen,KAN,35,16,15,207,890,5,38,4.3,55.6,2
34,AAlleTe00,2001,Terry Allen,BAL,33,11,8,168,658,3,26,3.9,59.8,1
35,AAlleTe00,2000,Terry Allen,NOR,32,4,3,46,179,2,18,3.9,44.8,0
36,AAlleTe00,1999,Terry Allen,NWE,31,16,13,254,896,8,39,3.5,56.0,8
37,AAlleTe00,1998,Terry Allen,WAS,30,10,10,148,700,2,45,4.7,70.0,4
38,AAlleTe00,1997,Terry Allen,WAS,29,10,10,210,724,4,34,3.4,72.4,2
39,AAlleTe00,1996,Terry Allen,WAS,28,16,16,347,1353,21,49,3.9,84.6,4
40,AAlleTe00,1995,Terry Allen,WAS,27,16,16,338,1309,10,28,3.9,81.8,6
41,AAndeC.00,2019,C.J. Anderson,DET,28,2,0,16,43,0,9,2.7,21.5,0
42,AAndeC.00,2018,C.J. Anderson,2TM,27,11,3,67,403,2,46,6.0,36.6,0
43,AAndeC.00,2017,C.J. Anderson,DEN,26,16,16,245,1007,3,40,4.1,62.9,1
44,AAndeC.00,2016,C.J. Anderson,DEN,25,7,7,110,437,4,28,4.0,62.4,0
45,AAndeC.00,2014,C.J. Anderson,DEN,23,15,7,179,849,8,27,4.7,56.6,1
46,AAndeC.00,2013,C.J. Anderson,DEN,22,5,0,7,38,0,11,5.4,7.6,0
47,AAndeJa00,2001,Jamal Anderson ,ATL,29,3,3,55,190,1,14,3.5,63.3,1
48,AAndeJa00,2000,Jamal Anderson ,ATL,28,16,16,282,1024,6,42,3.6,64.0,6
49,AAndeJa00,1999,Jamal Anderson ,ATL,27,2,2,19,59,0,20,3.1,29.5,0
50,AAndeJa00,1998,Jamal Anderson ,ATL,26,16,16,410,1846,14,48,4.5,115.4,5
51,AAndeJa00,1997,Jamal Anderson ,ATL,25,16,15,290,1002,7,39,3.5,62.6,4
52,AAndeJa00,1996,Jamal Anderson ,ATL,24,16,12,232,1055,5,32,4.5,65.9,4
53,AAndeJa00,1995,Jamal Anderson ,ATL,23,16,0,39,161,1,13,4.1,10.1,0
54,AAndeKi00,2000,Kimble Anders,KAN,34,15,7,76,331,2,69,4.4,22.1,1
55,AAndeKi00,1999,Kimble Anders,KAN,33,2,2,32,181,0,46,5.7,90.5,1
56,AAndeMi00,2007,Mike Anderson ,BAL,34,8,0,15,62,0,16,4.1,7.8,2
57,AAndeMi00,2006,Mike Anderson ,BAL,33,16,0,39,183,1,34,4.7,11.4,0
58,AAndeMi00,2005,Mike Anderson ,DEN,32,15,15,239,1014,12,44,4.2,67.6,2
59,AAndeMi00,2000,Mike Anderson ,DEN,27,16,12,297,1487,15,80,5.0,92.9,4
60,AAndrAn00,2015,Antonio Andrews,TEN,23,14,10,143,520,3,38,3.6,37.1,1
61,AAsiaMa00,2015,Matt Asiata,MIN,28,16,0,29,112,0,19,3.9,7.0,0
62,AAsiaMa00,2014,Matt Asiata,MIN,27,15,9,164,570,9,19,3.5,38.0,1
63,AAsiaMa00,2013,Matt Asiata,MIN,26,11,1,44,166,3,39,3.8,15.1,1
64,AAutrDa00,2000,Darnell Autry,PHI,24,11,7,112,334,3,15,3.0,30.4,2
65,AAutrDa00,1997,Darnell Autry,CHI,21,13,3,112,319,1,17,2.8,24.5,2
66,BBallKa00,2020,Kalen Ballage,NYJ,25,3,0,3,13,0,5,4.3,4.3,0
67,BBallKa00,2019,Kalen Ballage,MIA,24,12,6,74,135,3,8,1.8,11.3,0
68,BBallKa00,2018,Kalen Ballage,MIA,23,12,0,36,191,1,75,5.3,15.9,1
69,BBallVi00,2013,Vick Ballard,IND,23,1,1,13,63,0,12,4.8,63.0,0
70,BBallVi00,2012,Vick Ballard,IND,22,16,12,211,814,2,26,3.9,50.9,3
71,BBarbMa01,2011,Marion Barber III,CHI,28,11,1,114,422,6,29,3.7,38.4,1
72,BBarbMa01,2010,Marion Barber III,DAL,27,13,10,113,374,4,25,3.3,28.8,0
73,BBarbMa01,2009,Marion Barber III,DAL,26,15,15,214,932,7,35,4.4,62.1,2
74,BBarbMa01,2008,Marion Barber III,DAL,25,15,13,238,885,7,35,3.7,59.0,7
75,BBarbMa01,2007,Marion Barber III,DAL,24,16,0,204,975,10,54,4.8,60.9,3
76,BBarbMa01,2006,Marion Barber III,DAL,23,16,1,135,654,14,25,4.8,40.9,0
77,BBarbMa01,2005,Marion Barber III,DAL,22,13,2,138,538,5,28,3.9,41.4,3
78,BBarbPe01,2018,Peyton Barber,TAM,24,16,16,234,871,5,28,3.7,54.4,1
79,BBarbPe01,2017,Peyton Barber,TAM,23,16,4,108,423,3,34,3.9,26.4,2
80,BBarbPe01,2016,Peyton Barber,TAM,22,15,1,55,223,1,44,4.1,14.9,0
81,BBarbTi00,2006,Tiki Barber,NYG,31,16,16,327,1662,5,55,5.1,103.9,3
82,BBarbTi00,2005,Tiki Barber,NYG,30,16,16,357,1860,9,95,5.2,116.3,1
83,BBarbTi00,2004,Tiki Barber,NYG,29,16,14,322,1518,13,72,4.7,94.9,5
84,BBarbTi00,2003,Tiki Barber,NYG,28,16,16,278,1216,2,27,4.4,76.0,9
85,BBarbTi00,2002,Tiki Barber,NYG,27,16,15,304,1387,11,70,4.6,86.7,9
86,BBarbTi00,2001,Tiki Barber,NYG,26,14,9,166,865,4,36,5.2,61.8,8
87,BBarbTi00,2000,Tiki Barber,NYG,25,16,12,213,1006,8,78,4.7,62.9,9
88,BBarbTi00,1999,Tiki Barber,NYG,24,16,1,62,258,0,30,4.2,16.1,5
89,BBarbTi00,1998,Tiki Barber,NYG,23,16,4,52,166,0,23,3.2,10.4,1
90,BBarkSa00,2019,Saquon Barkley,NYG,22,13,13,217,1003,6,68,4.6,77.2,1
91,BBarkSa00,2018,Saquon Barkley,NYG,21,16,16,261,1307,11,78,5.0,81.7,0
92,BBarlKe00,2006,Kevan Barlow,NYJ,27,12,3,131,370,6,12,2.8,30.8,1
93,BBarlKe00,2005,Kevan Barlow,SFO,26,12,12,176,581,3,29,3.3,48.4,2
94,BBarlKe00,2004,Kevan Barlow,SFO,25,15,14,244,822,7,60,3.4,54.8,2
95,BBarlKe00,2002,Kevan Barlow,SFO,23,14,0,145,675,4,35,4.7,48.2,2
96,BBarlKe00,2001,Kevan Barlow,SFO,22,15,0,125,512,4,25,4.1,34.1,1
97,BBateMa00,2000,Mario Bates,DET,27,13,0,31,127,2,23,4.1,9.8,0
98,BBateMa00,1999,Mario Bates,ARI,26,16,2,72,202,9,16,2.8,12.6,2
99,BBateMa00,1998,Mario Bates,ARI,25,16,1,60,165,6,15,2.8,10.3,0
100,BBateMa00,1997,Mario Bates,NOR,24,12,7,119,440,4,74,3.7,36.7,2
101,BBateMa00,1996,Mario Bates,NOR,23,14,10,164,584,4,33,3.6,41.7,4
102,BBateMa00,1995,Mario Bates,NOR,22,16,16,244,951,7,66,3.9,59.4,2
103,BBellLe00,2020,Le'Veon Bell,2TM,28,3,2,25,113,0,16,4.5,37.7,0
104,BBellLe00,2019,Le'Veon Bell,NYJ,27,15,15,245,789,3,19,3.2,52.6,1
105,BBellLe00,2017,Le'Veon Bell,PIT,25,15,15,321,1291,9,27,4.0,86.1,3
106,BBellLe00,2016,Le'Veon Bell,PIT,24,12,12,261,1268,7,44,4.9,105.7,4
107,BBellLe00,2014,Le'Veon Bell,PIT,22,16,16,290,1361,8,81,4.7,85.1,0
108,BBellLe00,2013,Le'Veon Bell,PIT,21,13,13,244,860,8,43,3.5,66.2,1
109,BBellTa00,2008,Tatum Bell,DEN,27,7,3,44,249,2,37,5.7,35.6,0
110,BBellTa00,2006,Tatum Bell,DEN,25,13,13,233,1025,2,51,4.4,78.8,5
111,BBellTa00,2004,Tatum Bell,DEN,23,14,0,75,396,3,29,5.3,28.3,1
112,BBennDo00,2000,Donnell Bennett,KAN,28,7,2,27,24,1,6,0.9,3.4,0
113,BBennDo00,1998,Donnell Bennett,KAN,26,16,10,148,527,5,26,3.6,32.9,4
114,BBennDo00,1997,Donnell Bennett,KAN,25,14,1,94,369,1,14,3.9,26.4,0
115,BBennDo00,1996,Donnell Bennett,KAN,24,16,0,36,166,0,34,4.6,10.4,0
116,BBennDo00,1995,Donnell Bennett,KAN,23,3,1,7,11,0,11,1.6,3.7,0
117,BBennEd00,1999,Edgar Bennett,CHI,30,16,2,6,28,0,15,4.7,1.8,1
118,BBennEd00,1998,Edgar Bennett,CHI,29,16,13,173,611,2,43,3.5,38.2,2
119,BBennEd00,1996,Edgar Bennett,GNB,27,16,15,222,899,2,23,4.0,56.2,2
120,BBennMi00,2009,Michael Bennett,SDG,31,6,0,23,65,0,14,2.8,10.8,0
121,BBennMi00,2008,Michael Bennett,2TM,30,7,0,7,12,0,4,1.7,1.7,0
122,BBennMi00,2007,Michael Bennett,2TM,29,14,1,61,241,1,28,4.0,17.2,2
123,BBennMi00,2006,Michael Bennett,KAN,28,11,0,36,200,0,41,5.6,18.2,1
124,BBennMi00,2004,Michael Bennett,MIN,26,11,7,70,276,1,25,3.9,25.1,1
125,BBennMi00,2002,Michael Bennett,MIN,24,16,16,255,1296,5,85,5.1,81.0,4
126,BBennMi00,2001,Michael Bennett,MIN,23,13,13,172,682,2,31,4.0,52.5,0
127,BBensCe00,2012,Cedric Benson ,GNB,30,5,5,71,248,1,11,3.5,49.6,1
128,BBensCe00,2011,Cedric Benson ,CIN,29,15,15,273,1067,6,42,3.9,71.1,5
129,BBensCe00,2010,Cedric Benson ,CIN,28,16,16,321,1111,7,26,3.5,69.4,7
130,BBensCe00,2009,Cedric Benson ,CIN,27,13,13,301,1251,6,42,4.2,96.2,1
131,BBensCe00,2008,Cedric Benson ,CIN,26,12,10,214,747,2,46,3.5,62.3,2
132,BBensCe00,2007,Cedric Benson ,CHI,25,11,11,196,674,4,43,3.4,61.3,3
133,BBensCe00,2006,Cedric Benson ,CHI,24,15,0,157,647,6,30,4.1,43.1,0
134,BBensCe00,2005,Cedric Benson ,CHI,23,9,1,67,272,0,36,4.1,30.2,1
135,BBernGi00,2019,Giovani Bernard,CIN,28,16,2,53,170,0,25,3.2,10.6,2
136,BBernGi00,2018,Giovani Bernard,CIN,27,12,4,56,211,3,23,3.8,17.6,0
137,BBernGi00,2017,Giovani Bernard,CIN,26,16,2,105,458,2,25,4.4,28.6,0
138,BBernGi00,2016,Giovani Bernard,CIN,25,10,2,91,337,2,17,3.7,33.7,1
139,BBernGi00,2014,Giovani Bernard,CIN,23,13,9,168,680,5,89,4.0,52.3,0
140,BBernGi00,2013,Giovani Bernard,CIN,22,16,0,170,695,5,35,4.1,43.4,2
141,BBestJa00,2011,Jahvid Best,DET,22,6,6,84,390,2,88,4.6,65.0,0
142,BBestJa00,2010,Jahvid Best,DET,21,16,9,171,555,4,45,3.2,34.7,1
143,BBettJe00,2005,Jerome Bettis,PIT,33,12,0,110,368,9,39,3.3,30.7,0
144,BBettJe00,2004,Jerome Bettis,PIT,32,15,6,250,941,13,29,3.8,62.7,1
145,BBettJe00,2003,Jerome Bettis,PIT,31,16,10,246,811,7,21,3.3,50.7,5
146,BBettJe00,2002,Jerome Bettis,PIT,30,13,11,187,666,9,41,3.6,51.2,1
147,BBettJe00,2001,Jerome Bettis,PIT,29,11,11,225,1072,4,48,4.8,97.5,3
148,BBettJe00,2000,Jerome Bettis,PIT,28,16,16,355,1341,8,30,3.8,83.8,1
149,BBettJe00,1999,Jerome Bettis,PIT,27,16,16,299,1091,7,35,3.6,68.2,2
150,BBettJe00,1998,Jerome Bettis,PIT,26,15,15,316,1185,3,42,3.8,79.0,2
151,BBettJe00,1997,Jerome Bettis,PIT,25,15,15,375,1665,7,34,4.4,111.0,6
152,BBettJe00,1996,Jerome Bettis,PIT,24,16,12,320,1431,11,50,4.5,89.4,7
153,BBettJe00,1995,Jerome Bettis,STL,23,15,13,183,637,3,41,3.5,42.5,4
154,BBettLa00,2010,Ladell Betts,NOR,31,8,1,45,150,2,12,3.3,18.8,1
155,BBettLa00,2009,Ladell Betts,WAS,30,10,2,56,210,2,18,3.8,21.0,0
156,BBettLa00,2008,Ladell Betts,WAS,29,13,0,61,206,1,14,3.4,15.8,1
157,BBettLa00,2007,Ladell Betts,WAS,28,16,0,93,335,1,20,3.6,20.9,1
158,BBettLa00,2006,Ladell Betts,WAS,27,16,9,245,1154,4,26,4.7,72.1,6
159,BBettLa00,2005,Ladell Betts,WAS,26,12,0,89,338,1,22,3.8,28.2,3
160,BBettLa00,2004,Ladell Betts,WAS,25,16,1,90,371,1,27,4.1,23.2,0
161,BBettLa00,2003,Ladell Betts,WAS,24,9,1,77,255,2,13,3.3,28.3,0
162,BBettLa00,2002,Ladell Betts,WAS,23,11,0,65,307,1,27,4.7,27.9,2
163,BBiakTi00,2001,Tim Biakabutuka,CAR,27,5,4,53,230,1,27,4.3,46.0,3
164,BBiakTi00,2000,Tim Biakabutuka,CAR,26,12,11,173,627,2,43,3.6,52.3,4
165,BBiakTi00,1999,Tim Biakabutuka,CAR,25,11,11,138,718,6,67,5.2,65.3,3
166,BBiakTi00,1998,Tim Biakabutuka,CAR,24,10,3,101,427,3,41,4.2,42.7,1
167,BBiakTi00,1997,Tim Biakabutuka,CAR,23,8,2,75,299,2,26,4.0,37.4,1
168,BBiakTi00,1996,Tim Biakabutuka,CAR,22,4,4,71,229,0,17,3.2,57.3,0
169,BBlouLe00,2018,LeGarrette Blount,DET,32,16,8,154,418,5,27,2.7,26.1,2
170,BBlouLe00,2017,LeGarrette Blount,PHI,31,16,11,173,766,2,68,4.4,47.9,1
171,BBlouLe00,2016,LeGarrette Blount,NWE,30,16,8,299,1161,18,44,3.9,72.6,2
172,BBlouLe00,2014,LeGarrette Blount,2TM,28,16,1,125,547,5,50,4.4,34.2,1
173,BBlouLe00,2013,LeGarrette Blount,NWE,27,16,7,153,772,7,47,5.0,48.3,3
174,BBlouLe00,2012,LeGarrette Blount,TAM,26,13,0,41,151,2,35,3.7,11.6,0
175,BBlouLe00,2011,LeGarrette Blount,TAM,25,14,14,184,781,5,54,4.2,55.8,5
176,BBlueAl00,2018,Alfred Blue,HOU,27,16,2,150,499,2,17,3.3,31.2,0
177,BBlueAl00,2017,Alfred Blue,HOU,26,11,0,71,262,1,48,3.7,23.8,0
178,BBlueAl00,2016,Alfred Blue,HOU,25,14,2,100,420,1,25,4.2,30.0,2
179,BBlueAl00,2015,Alfred Blue,HOU,24,16,9,183,698,2,41,3.8,43.6,2
180,BBradAh00,2015,Ahmad Bradshaw,IND,29,6,0,31,85,0,23,2.7,14.2,0
181,BBradAh00,2014,Ahmad Bradshaw,IND,28,10,1,90,425,2,29,4.7,42.5,3
182,BBradAh00,2013,Ahmad Bradshaw,IND,27,3,2,41,186,2,27,4.5,62.0,0
183,BBradAh00,2012,Ahmad Bradshaw,NYG,26,14,12,221,1015,6,37,4.6,72.5,3
184,BBradAh00,2011,Ahmad Bradshaw,NYG,25,12,9,171,659,9,37,3.9,54.9,1
185,BBradAh00,2010,Ahmad Bradshaw,NYG,24,16,11,276,1235,8,48,4.5,77.2,7
186,BBradAh00,2008,Ahmad Bradshaw,NYG,22,15,0,67,355,1,77,5.3,23.7,3
187,BBradAh00,2007,Ahmad Bradshaw,NYG,21,12,0,23,190,1,88,8.3,15.8,2
188,BBreiMa00,2020,Matt Breida,MIA,25,6,0,33,115,0,12,3.5,19.2,1
189,BBreiMa00,2018,Matt Breida,SFO,23,14,13,153,814,3,66,5.3,58.1,1
190,BBreiMa00,2017,Matt Breida,SFO,22,16,0,105,465,2,33,4.4,29.1,1
191,BBrowAn03,2013,Andre Brown,NYG,27,8,8,139,492,3,23,3.5,61.5,3
192,BBrowAn03,2012,Andre Brown,NYG,26,10,2,73,385,8,31,5.3,38.5,0
193,BBrowCh03,2009,Chris Brown,HOU,28,14,4,79,267,3,13,3.4,19.1,1
194,BBrowCh03,2007,Chris Brown,TEN,26,12,1,102,462,5,42,4.5,38.5,1
195,BBrowCh03,2006,Chris Brown,TEN,25,5,3,41,156,0,21,3.8,31.2,1
196,BBrowCh03,2005,Chris Brown,TEN,24,15,14,224,851,5,38,3.8,56.7,4
197,BBrowCh03,2004,Chris Brown,TEN,23,11,11,220,1067,6,52,4.9,97.0,6
198,BBrowCh03,2003,Chris Brown,TEN,22,11,0,56,221,0,28,3.9,20.1,1
199,BBrowDo00,2015,Donald Brown,SDG,28,10,2,59,229,1,53,3.9,22.9,1
200,BBrowDo00,2014,Donald Brown,SDG,27,13,3,85,223,0,16,2.6,17.2,1
201,BBrowDo00,2012,Donald Brown,IND,25,10,4,108,417,1,19,3.9,41.7,0
202,BBrowDo00,2011,Donald Brown,IND,24,16,2,134,645,5,80,4.8,40.3,0
203,BBrowDo00,2010,Donald Brown,IND,23,13,8,129,497,2,49,3.9,38.2,0
204,BBrowDo00,2009,Donald Brown,IND,22,11,1,78,281,3,45,3.6,25.5,1
205,BBrowGa00,1999,Gary Brown,NYG,30,3,2,55,177,0,28,3.2,59.0,1
206,BBrowGa00,1998,Gary Brown,NYG,29,16,11,247,1063,5,45,4.3,66.4,1
207,BBrowGa00,1997,Gary Brown,SDG,28,15,14,253,945,4,32,3.7,63.0,2
208,BBrowGa00,1995,Gary Brown,HOU,26,10,4,86,293,0,21,3.4,29.3,2
209,BBrowRo05,2014,Ronnie Brown,2TM,33,10,0,20,63,0,11,3.2,6.3,0
210,BBrowRo05,2013,Ronnie Brown,SDG,32,16,0,45,157,1,13,3.5,9.8,0
211,BBrowRo05,2012,Ronnie Brown,SDG,31,14,1,46,220,0,21,4.8,15.7,0
212,BBrowRo05,2011,Ronnie Brown,PHI,30,16,2,42,136,1,15,3.2,8.5,1
213,BBrowRo05,2010,Ronnie Brown,MIA,29,16,16,200,734,5,51,3.7,45.9,3
214,BBrowRo05,2009,Ronnie Brown,MIA,28,9,9,147,648,8,45,4.4,72.0,1
215,BBrowRo05,2008,Ronnie Brown,MIA,27,16,13,214,916,10,62,4.3,57.3,1
216,BBrowRo05,2007,Ronnie Brown,MIA,26,7,7,119,602,4,60,5.1,86.0,0
217,BBrowRo05,2006,Ronnie Brown,MIA,25,13,12,241,1008,5,47,4.2,77.5,4
218,BBrowRo05,2005,Ronnie Brown,MIA,24,15,14,207,907,4,65,4.4,60.5,4
219,BBrysSh00,2005,Shawn Bryson,DET,29,16,2,64,306,1,77,4.8,19.1,1
220,BBrysSh00,2004,Shawn Bryson,DET,28,16,1,50,264,0,28,5.3,16.5,1
221,BBrysSh00,2003,Shawn Bryson,DET,27,16,13,158,606,3,39,3.8,37.9,2
222,BBrysSh00,2002,Shawn Bryson,BUF,26,6,0,13,35,0,10,2.7,5.8,1
223,BBrysSh00,2001,Shawn Bryson,BUF,25,15,3,80,341,2,68,4.3,22.7,0
224,BBushMi00,2013,Michael Bush,CHI,29,15,0,63,197,3,40,3.1,13.1,0
225,BBushMi00,2012,Michael Bush,CHI,28,13,1,114,411,5,20,3.6,31.6,1
226,BBushMi00,2011,Michael Bush,OAK,27,16,9,256,977,7,44,3.8,61.1,1
227,BBushMi00,2010,Michael Bush,OAK,26,14,3,158,655,8,30,4.1,46.8,0
228,BBushMi00,2009,Michael Bush,OAK,25,16,7,123,589,3,60,4.8,36.8,2
229,BBushMi00,2008,Michael Bush,OAK,24,15,0,95,421,3,67,4.4,28.1,1
230,BBushRe00,2016,Reggie Bush,BUF,31,13,0,12,-3,1,5,-0.3,-0.2,1
231,BBushRe00,2015,Reggie Bush,SFO,30,5,1,8,28,0,9,3.5,5.6,0
232,BBushRe00,2014,Reggie Bush,DET,29,11,9,76,297,2,26,3.9,27.0,1
233,BBushRe00,2013,Reggie Bush,DET,28,14,14,223,1006,4,39,4.5,71.9,5
234,BBushRe00,2012,Reggie Bush,MIA,27,16,16,227,986,6,65,4.3,61.6,4
235,BBushRe00,2011,Reggie Bush,MIA,26,15,15,216,1086,6,76,5.0,72.4,4
236,BBushRe00,2010,Reggie Bush,NOR,25,8,6,36,150,0,23,4.2,18.8,2
237,BBushRe00,2009,Reggie Bush,NOR,24,14,8,70,390,5,55,5.6,27.9,4
238,BBushRe00,2008,Reggie Bush,NOR,23,10,9,106,404,2,43,3.8,40.4,3
239,BBushRe00,2007,Reggie Bush,NOR,22,12,10,157,581,4,22,3.7,48.4,8
240,BByneEa00,1996,Earnest Byner,BAL,34,16,8,159,634,4,42,4.0,39.6,1
241,BByneEa00,1995,Earnest Byner,CLE,33,16,2,115,432,2,23,3.8,27.0,1
242,CCaniTr00,2003,Trung Canidate,WAS,26,11,10,142,600,1,38,4.2,54.5,1
243,CCaniTr00,2002,Trung Canidate,STL,25,16,1,17,48,0,22,2.8,3.0,1
244,CCaniTr00,2001,Trung Canidate,STL,24,16,2,78,441,6,45,5.7,27.6,3
245,CCaniTr00,2000,Trung Canidate,STL,23,3,0,3,6,0,3,2.0,2.0,0
246,CCarsCh00,2019,Chris Carson,SEA,25,15,15,278,1230,7,59,4.4,82.0,7
247,CCarsCh00,2018,Chris Carson,SEA,24,14,14,247,1151,9,61,4.7,82.2,3
248,CCarsCh00,2017,Chris Carson,SEA,23,4,3,49,208,0,30,4.2,52.0,0
249,CCharJa00,2018,Jamaal Charles,JAX,32,2,0,6,7,0,5,1.2,3.5,0
250,CCharJa00,2017,Jamaal Charles,DEN,31,14,0,69,296,1,19,4.3,21.1,2
251,CCharJa00,2016,Jamaal Charles,KAN,30,3,0,12,40,1,17,3.3,13.3,0
252,CCharJa00,2014,Jamaal Charles,KAN,28,15,15,206,1033,9,63,5.0,68.9,5
253,CCharJa00,2013,Jamaal Charles,KAN,27,15,15,259,1287,12,46,5.0,85.8,4
254,CCharJa00,2012,Jamaal Charles,KAN,26,16,15,285,1509,5,91,5.3,94.3,5
255,CCharJa00,2011,Jamaal Charles,KAN,25,2,1,12,83,0,24,6.9,41.5,1
256,CCharJa00,2009,Jamaal Charles,KAN,23,15,10,190,1120,7,76,5.9,74.7,4
257,CCharJa00,2008,Jamaal Charles,KAN,22,16,2,67,357,0,30,5.3,22.3,2
258,CChubNi00,2019,Nick Chubb,CLE,24,16,16,298,1494,8,88,5.0,93.4,3
259,CChubNi00,2018,Nick Chubb,CLE,23,16,9,192,996,8,92,5.2,62.3,0
260,CCoheTa00,2020,Tarik Cohen,CHI,25,3,0,14,74,0,17,5.3,24.7,0
261,CCoheTa00,2019,Tarik Cohen,CHI,24,16,11,64,213,0,19,3.3,13.3,3
262,CCoheTa00,2018,Tarik Cohen,CHI,23,16,7,99,444,3,32,4.5,27.8,7
263,CCoheTa00,2017,Tarik Cohen,CHI,22,16,4,87,370,2,46,4.3,23.1,3
264,CColeTe01,2020,Tevin Coleman,SFO,27,2,0,18,30,0,10,1.7,15.0,0
265,CColeTe01,2019,Tevin Coleman,SFO,26,14,11,137,544,6,48,4.0,38.9,0
266,CColeTe01,2018,Tevin Coleman,ATL,25,16,14,167,800,4,65,4.8,50.0,2
267,CColeTe01,2016,Tevin Coleman,ATL,23,13,0,118,520,8,55,4.4,40.0,1
268,CColeTe01,2015,Tevin Coleman,ATL,22,12,3,87,392,1,46,4.5,32.7,3
269,CCollAl00,2018,Alex Collins,BAL,24,10,10,114,411,7,19,3.6,41.1,3
270,CCollAl00,2017,Alex Collins,BAL,23,15,12,212,973,6,50,4.6,64.9,4
271,CCollAl00,2016,Alex Collins,SEA,22,11,0,31,125,1,26,4.0,11.4,2
272,CCollCe00,1999,Cecil Collins,MIA,23,8,6,131,414,2,25,3.2,51.8,2
273,CCollJe01,2014,Jed Collins,DET,28,16,2,8,19,0,3,2.4,1.2,0
274,CCollJe01,2013,Jed Collins,NOR,27,16,8,15,45,1,12,3.0,2.8,0
275,CConnJa00,2019,James Conner,PIT,24,10,10,116,464,4,25,4.0,46.4,1
276,CConnJa00,2018,James Conner,PIT,23,13,12,215,973,12,30,4.5,74.8,4
277,CConnJa00,2017,James Conner,PIT,22,14,0,32,144,0,23,4.5,10.3,0
278,CCookDa01,2019,Dalvin Cook,MIN,24,14,14,250,1135,13,75,4.5,81.1,4
279,CCookDa01,2018,Dalvin Cook,MIN,23,11,10,133,615,2,70,4.6,55.9,2
280,CCrowIs00,2017,Isaiah Crowell,CLE,24,16,16,206,853,2,59,4.1,53.3,1
281,CCrowIs00,2016,Isaiah Crowell,CLE,23,16,16,198,952,7,85,4.8,59.5,2
282,CCrowIs00,2015,Isaiah Crowell,CLE,22,16,9,185,706,4,54,3.8,44.1,0
283,CCrowIs00,2014,Isaiah Crowell,CLE,21,16,4,148,607,8,35,4.1,37.9,3
284,DDarkOr00,2017,Orleans Darkwa,NYG,25,15,11,171,751,5,75,4.4,50.1,1
285,DDarkOr00,2016,Orleans Darkwa,NYG,24,10,2,30,111,2,17,3.7,11.1,0
286,DDarkOr00,2015,Orleans Darkwa,NYG,23,16,0,36,153,1,17,4.3,9.6,0
287,DDarkOr00,2014,Orleans Darkwa,2TM,22,11,0,9,23,1,12,2.6,2.1,0
288,DDaviDo01,2005,Domanick Williams,HOU,25,11,11,230,976,2,44,4.2,88.7,2
289,DDaviDo01,2004,Domanick Williams,HOU,24,15,15,302,1188,13,44,3.9,79.2,4
290,DDaviDo01,2003,Domanick Williams,HOU,23,14,10,238,1031,8,51,4.3,73.6,4
291,DDaviMi01,2019,Mike Davis ,2TM,26,12,1,13,27,0,8,2.1,2.3,0
292,DDaviMi01,2018,Mike Davis ,SEA,25,15,2,112,514,4,37,4.6,34.3,0
293,DDaviMi01,2017,Mike Davis ,SEA,24,6,6,68,240,0,33,3.5,40.0,0
294,DDaviMi01,2016,Mike Davis ,SFO,23,8,1,19,50,1,8,2.6,6.3,1
295,DDaviMi01,2015,Mike Davis ,SFO,22,6,0,35,58,0,13,1.7,9.7,0
296,DDaviSt00,2006,Stephen Davis ,STL,32,15,0,40,177,0,16,4.4,11.8,1
297,DDaviSt00,2004,Stephen Davis ,CAR,30,2,2,24,92,0,12,3.8,46.0,0
298,DDaviSt00,2003,Stephen Davis ,CAR,29,14,14,318,1444,8,40,4.5,103.1,3
299,DDaviSt00,2002,Stephen Davis ,WAS,28,12,12,207,820,7,33,4.0,68.3,4
300,DDaviSt00,2001,Stephen Davis ,WAS,27,16,16,356,1432,5,32,4.0,89.5,6
301,DDaviSt00,2000,Stephen Davis ,WAS,26,15,15,332,1318,11,50,4.0,87.9,4
302,DDaviSt00,1999,Stephen Davis ,WAS,25,14,14,290,1405,17,76,4.8,100.4,4
303,DDaviSt00,1996,Stephen Davis ,WAS,22,12,0,23,139,2,39,6.0,11.6,0
304,DDaviTe00,2001,Terrell Davis ,DEN,29,8,8,167,701,0,57,4.2,87.6,2
305,DDaviTe00,2000,Terrell Davis ,DEN,28,5,4,78,282,2,24,3.6,56.4,1
306,DDaviTe00,1999,Terrell Davis ,DEN,27,4,4,67,211,2,26,3.1,52.8,1
307,DDaviTe00,1998,Terrell Davis ,DEN,26,16,16,392,2008,21,70,5.1,125.5,2
308,DDaviTe00,1997,Terrell Davis ,DEN,25,15,15,369,1750,15,50,4.7,116.7,4
309,DDaviTe00,1996,Terrell Davis ,DEN,24,16,16,345,1538,13,71,4.5,96.1,5
310,DDaviTe00,1995,Terrell Davis ,DEN,23,14,14,237,1117,7,60,4.7,79.8,5
311,DDaynRo00,2007,Ron Dayne,HOU,29,13,8,194,773,6,39,4.0,59.5,1
312,DDaynRo00,2005,Ron Dayne,DEN,27,10,0,53,270,1,55,5.1,27.0,1
313,DDaynRo00,2004,Ron Dayne,NYG,26,14,2,52,179,1,15,3.4,12.8,0
314,DDaynRo00,2002,Ron Dayne,NYG,24,16,1,125,428,3,30,3.4,26.8,1
315,DDillCo00,2006,Corey Dillon,NWE,32,16,13,199,812,13,50,4.1,50.8,2
316,DDillCo00,2005,Corey Dillon,NWE,31,12,10,209,733,12,29,3.5,61.1,1
317,DDillCo00,2004,Corey Dillon,NWE,30,15,14,345,1635,12,44,4.7,109.0,5
318,DDillCo00,2002,Corey Dillon,CIN,28,16,16,314,1311,7,67,4.2,81.9,5
319,DDillCo00,2001,Corey Dillon,CIN,27,16,16,340,1315,10,96,3.9,82.2,5
320,DDillCo00,2000,Corey Dillon,CIN,26,16,16,315,1435,7,80,4.6,89.7,4
321,DDillCo00,1999,Corey Dillon,CIN,25,15,15,263,1200,5,50,4.6,80.0,3
322,DDillCo00,1998,Corey Dillon,CIN,24,15,15,262,1130,4,66,4.3,75.3,2
323,DDillCo00,1997,Corey Dillon,CIN,23,16,6,233,1129,10,75,4.8,70.6,1
324,DDrewMa00,2014,Maurice Jones-Drew,OAK,29,12,1,43,96,0,13,2.2,8.0,1
325,DDrewMa00,2013,Maurice Jones-Drew,JAX,28,15,15,234,803,5,48,3.4,53.5,1
326,DDrewMa00,2011,Maurice Jones-Drew,JAX,26,16,16,343,1606,8,56,4.7,100.4,6
327,DDrewMa00,2010,Maurice Jones-Drew,JAX,25,14,14,299,1324,5,37,4.4,94.6,2
328,DDrewMa00,2009,Maurice Jones-Drew,JAX,24,16,16,312,1391,15,80,4.5,86.9,2
329,DDrewMa00,2007,Maurice Jones-Drew,JAX,22,15,0,167,768,9,57,4.6,51.2,2
330,DDrouRe00,2007,Reuben Droughns,NYG,29,16,1,85,275,6,45,3.2,17.2,1
331,DDrouRe00,2006,Reuben Droughns,CLE,28,14,12,220,758,4,22,3.4,54.1,5
332,DDrouRe00,2005,Reuben Droughns,CLE,27,16,16,309,1232,2,75,4.0,77.0,6
333,DDrouRe00,2004,Reuben Droughns,DEN,26,16,15,275,1240,6,51,4.5,77.5,5
334,DDrouRe00,2003,Reuben Droughns,DEN,25,15,4,6,14,0,12,2.3,0.9,0
335,DDrouRe00,2002,Reuben Droughns,DEN,24,16,0,4,11,1,9,2.8,0.7,0
336,DDrouRe00,2001,Reuben Droughns,DET,23,9,3,30,72,0,15,2.4,8.0,0
337,DDuckT.00,2008,T.J. Duckett,SEA,27,16,0,62,172,8,29,2.8,10.8,0
338,DDuckT.00,2007,T.J. Duckett,DET,26,12,1,65,335,3,53,5.2,27.9,1
339,DDuckT.00,2006,T.J. Duckett,WAS,25,10,0,38,132,2,19,3.5,13.2,1
340,DDuckT.00,2005,T.J. Duckett,ATL,24,14,0,121,380,8,25,3.1,27.1,2
341,DDuckT.00,2004,T.J. Duckett,ATL,23,13,0,104,509,8,35,4.9,39.2,2
342,DDuckT.00,2003,T.J. Duckett,ATL,22,16,10,197,779,11,55,4.0,48.7,3
343,DDuckT.00,2002,T.J. Duckett,ATL,21,12,3,130,507,4,33,3.9,42.3,0
344,DDunnWa00,2007,Warrick Dunn,ATL,32,16,15,227,720,4,38,3.2,45.0,2
345,DDunnWa00,2006,Warrick Dunn,ATL,31,16,16,286,1140,4,90,4.0,71.3,1
346,DDunnWa00,2005,Warrick Dunn,ATL,30,16,16,280,1416,3,65,5.1,88.5,3
347,DDunnWa00,2004,Warrick Dunn,ATL,29,16,16,265,1106,9,60,4.2,69.1,3
348,DDunnWa00,2002,Warrick Dunn,ATL,27,15,14,230,927,7,59,4.0,61.8,4
349,DDunnWa00,2001,Warrick Dunn,TAM,26,13,12,158,447,3,21,2.8,34.4,2
350,DDunnWa00,2000,Warrick Dunn,TAM,25,16,14,248,1133,8,70,4.6,70.8,1
351,DDunnWa00,1999,Warrick Dunn,TAM,24,15,15,195,616,0,33,3.2,41.1,3
352,DDunnWa00,1998,Warrick Dunn,TAM,23,16,14,245,1026,2,50,4.2,64.1,1
353,DDunnWa00,1997,Warrick Dunn,TAM,22,16,10,224,978,4,76,4.4,61.1,4
354,DDwyeJo00,2014,Jonathan Dwyer,ARI,25,2,0,16,51,1,20,3.2,25.5,0
355,DDwyeJo00,2013,Jonathan Dwyer,PIT,24,15,0,49,197,0,30,4.0,13.1,0
356,DDwyeJo00,2012,Jonathan Dwyer,PIT,23,13,6,156,623,2,34,4.0,47.9,2
357,DDwyeJo00,2011,Jonathan Dwyer,PIT,22,7,0,16,123,0,76,7.7,17.6,0
358,DDwyeJo00,2010,Jonathan Dwyer,PIT,21,1,0,9,28,0,7,3.1,28.0,0
359,EEdwaRo00,2002,Robert Edwards,MIA,28,12,0,20,107,1,19,5.4,8.9,0
360,EEdwaRo00,1998,Robert Edwards,NWE,24,16,15,291,1115,9,53,3.8,69.7,5
361,EElliAn00,2017,Andre Ellington,2TM,28,12,2,20,55,1,14,2.8,4.6,0
362,EElliAn00,2016,Andre Ellington,ARI,27,16,0,34,96,0,13,2.8,6.0,0
363,EElliAn00,2015,Andre Ellington,ARI,26,10,2,45,289,3,63,6.4,28.9,1
364,EElliAn00,2014,Andre Ellington,ARI,25,12,12,201,660,3,22,3.3,55.0,2
365,EElliAn00,2013,Andre Ellington,ARI,24,15,1,118,652,3,80,5.5,43.5,1
366,EElliEz00,2019,Ezekiel Elliott,DAL,24,16,16,301,1357,12,33,4.5,84.8,3
367,EElliEz00,2018,Ezekiel Elliott,DAL,23,15,15,304,1434,6,41,4.7,95.6,6
368,EElliEz00,2017,Ezekiel Elliott,DAL,22,10,10,242,983,7,30,4.1,98.3,1
369,EElliEz00,2016,Ezekiel Elliott,DAL,21,15,15,322,1631,15,60,5.1,108.7,5
370,EEnisCu00,1999,Curtis Enis,CHI,23,15,12,287,916,3,19,3.2,61.1,4
371,EEnisCu00,1998,Curtis Enis,CHI,22,9,1,133,497,0,29,3.7,55.2,1
372,FFargJu00,2009,Justin Fargas,OAK,29,12,4,129,491,3,35,3.8,40.9,1
373,FFargJu00,2008,Justin Fargas,OAK,28,14,14,218,853,1,42,3.9,60.9,3
374,FFargJu00,2007,Justin Fargas,OAK,27,14,7,222,1009,4,48,4.5,72.1,3
375,FFargJu00,2005,Justin Fargas,OAK,25,14,0,5,28,0,15,5.6,2.0,0
376,FFargJu00,2004,Justin Fargas,OAK,24,12,0,35,126,1,15,3.6,10.5,1
377,FFargJu00,2003,Justin Fargas,OAK,23,10,1,40,203,0,53,5.1,20.3,1
378,FFaulKe00,2011,Kevin Faulk,NWE,35,7,3,17,57,0,9,3.4,8.1,0
379,FFaulKe00,2010,Kevin Faulk,NWE,34,2,2,8,45,0,11,5.6,22.5,0
380,FFaulKe00,2009,Kevin Faulk,NWE,33,15,7,62,335,2,29,5.4,22.3,1
381,FFaulKe00,2008,Kevin Faulk,NWE,32,15,3,83,507,3,41,6.1,33.8,0
382,FFaulKe00,2007,Kevin Faulk,NWE,31,16,8,62,265,0,14,4.3,16.6,1
383,FFaulKe00,2006,Kevin Faulk,NWE,30,15,1,25,123,1,11,4.9,8.2,2
384,FFaulKe00,2005,Kevin Faulk,NWE,29,8,2,51,145,0,13,2.8,18.1,3
385,FFaulKe00,2004,Kevin Faulk,NWE,28,11,1,54,255,2,20,4.7,23.2,2
386,FFaulKe00,2003,Kevin Faulk,NWE,27,15,8,178,638,0,23,3.6,42.5,4
387,FFaulKe00,2002,Kevin Faulk,NWE,26,15,0,52,271,2,45,5.2,18.1,1
388,FFaulKe00,2001,Kevin Faulk,NWE,25,15,1,41,169,1,24,4.1,11.3,2
389,FFaulKe00,2000,Kevin Faulk,NWE,24,16,9,164,570,4,18,3.5,35.6,6
390,FFaulKe00,1999,Kevin Faulk,NWE,23,11,2,67,227,1,43,3.4,20.6,3
391,FFaulMa00,2005,Marshall Faulk,STL,32,16,1,65,292,0,20,4.5,18.3,2
392,FFaulMa00,2004,Marshall Faulk,STL,31,14,14,195,774,3,40,4.0,55.3,2
393,FFaulMa00,2003,Marshall Faulk,STL,30,11,11,209,818,10,52,3.9,74.4,0
394,FFaulMa00,2002,Marshall Faulk,STL,29,14,10,212,953,8,44,4.5,68.1,4
395,FFaulMa00,2001,Marshall Faulk,STL,28,14,14,260,1382,12,71,5.3,98.7,3
396,FFaulMa00,2000,Marshall Faulk,STL,27,14,14,253,1359,18,36,5.4,97.1,0
397,FFaulMa00,1999,Marshall Faulk,STL,26,16,16,253,1381,7,58,5.5,86.3,2
398,FFaulMa00,1998,Marshall Faulk,IND,25,16,15,324,1319,6,68,4.1,82.4,3
399,FFaulMa00,1997,Marshall Faulk,IND,24,16,16,264,1054,7,45,4.0,65.9,5
400,FFaulMa00,1996,Marshall Faulk,IND,23,13,13,198,587,7,43,3.0,45.2,2
401,FFaulMa00,1995,Marshall Faulk,IND,22,16,16,289,1078,11,40,3.7,67.4,8
402,FFazaJe00,2000,Jermaine Fazande,SDG,25,13,7,119,368,2,26,3.1,28.3,1
403,FFazaJe00,1999,Jermaine Fazande,SDG,24,7,3,91,365,2,54,4.0,52.1,2
404,FForsJu00,2016,Justin Forsett,3TM,31,9,6,87,291,1,64,3.3,32.3,2
405,FForsJu00,2015,Justin Forsett,BAL,30,10,10,151,641,2,33,4.2,64.1,0
406,FForsJu00,2014,Justin Forsett,BAL,29,16,14,235,1266,8,52,5.4,79.1,2
407,FForsJu00,2013,Justin Forsett,JAX,28,9,0,6,31,0,10,5.2,3.4,1
408,FForsJu00,2012,Justin Forsett,HOU,27,16,0,63,374,1,81,5.9,23.4,0
409,FForsJu00,2011,Justin Forsett,SEA,26,16,0,46,145,1,22,3.2,9.1,0
410,FForsJu00,2009,Justin Forsett,SEA,24,16,2,114,619,4,35,5.4,38.7,4
411,FFortMa00,2016,Matt Forte ,NYJ,31,14,13,218,813,7,32,3.7,58.1,1
412,FFortMa00,2015,Matt Forte ,CHI,30,13,13,218,898,4,27,4.1,69.1,2
413,FFortMa00,2014,Matt Forte ,CHI,29,16,16,266,1038,6,32,3.9,64.9,2
414,FFortMa00,2013,Matt Forte ,CHI,28,16,16,289,1339,9,55,4.6,83.7,2
415,FFortMa00,2012,Matt Forte ,CHI,27,15,15,248,1094,5,46,4.4,72.9,2
416,FFortMa00,2011,Matt Forte ,CHI,26,12,12,203,997,3,46,4.9,83.1,2
417,FFortMa00,2010,Matt Forte ,CHI,25,16,16,237,1069,6,68,4.5,66.8,3
418,FFortMa00,2009,Matt Forte ,CHI,24,16,16,258,929,4,61,3.6,58.1,6
419,FFortMa00,2008,Matt Forte ,CHI,23,16,16,316,1238,8,50,3.9,77.4,1
420,FFostAr00,2016,Arian Foster ,MIA,30,4,2,22,55,0,9,2.5,13.8,1
421,FFostAr00,2015,Arian Foster ,HOU,29,4,4,63,163,1,16,2.6,40.8,2
422,FFostAr00,2014,Arian Foster ,HOU,28,13,13,260,1246,8,51,4.8,95.8,2
423,FFostAr00,2013,Arian Foster ,HOU,27,8,8,121,542,1,23,4.5,67.8,0
424,FFostAr00,2012,Arian Foster ,HOU,26,16,16,351,1424,15,46,4.1,89.0,3
425,FFostAr00,2011,Arian Foster ,HOU,25,13,13,278,1224,10,43,4.4,94.2,6
426,FFostAr00,2010,Arian Foster ,HOU,24,16,13,327,1616,16,74,4.9,101.0,3
427,FFostAr00,2009,Arian Foster ,HOU,23,6,1,54,257,3,24,4.8,42.8,1
428,FFostDe00,2008,DeShaun Foster ,SFO,28,16,2,76,234,1,18,3.1,14.6,2
429,FFostDe00,2007,DeShaun Foster ,CAR,27,16,16,247,876,3,20,3.5,54.8,7
430,FFostDe00,2006,DeShaun Foster ,CAR,26,14,14,227,897,3,43,4.0,64.1,4
431,FFostDe00,2005,DeShaun Foster ,CAR,25,15,5,205,879,2,70,4.3,58.6,2
432,FFostDe00,2004,DeShaun Foster ,CAR,24,4,3,59,255,2,71,4.3,63.8,0
433,FFostDe00,2003,DeShaun Foster ,CAR,23,14,2,113,429,0,21,3.8,30.6,3
434,FFourLe00,2020,Leonard Fournette ,TAM,25,5,0,35,173,2,46,4.9,34.6,0
435,FFourLe00,2019,Leonard Fournette ,JAX,24,15,15,265,1152,3,81,4.3,76.8,1
436,FFourLe00,2018,Leonard Fournette ,JAX,23,8,8,133,439,5,25,3.3,54.9,0
437,FFourLe00,2017,Leonard Fournette ,JAX,22,13,13,268,1040,9,90,3.9,80.0,2
438,FFreeDe00,2019,Devonta Freeman ,ATL,27,14,14,184,656,2,28,3.6,46.9,3
439,FFreeDe00,2018,Devonta Freeman ,ATL,26,2,2,14,68,0,20,4.9,34.0,0
440,FFreeDe00,2017,Devonta Freeman ,ATL,25,14,14,196,865,7,44,4.4,61.8,4
441,FFreeDe00,2016,Devonta Freeman ,ATL,24,16,16,227,1079,11,75,4.8,67.4,1
442,FFreeDe00,2015,Devonta Freeman ,ATL,23,15,13,265,1056,11,39,4.0,70.4,3
443,FFreeDe00,2014,Devonta Freeman ,ATL,22,16,0,65,248,1,31,3.8,15.5,1
444,GGadoSa00,2009,Samkon Gado,STL,27,15,0,14,26,0,11,1.9,1.7,0
445,GGadoSa00,2007,Samkon Gado,2TM,25,8,2,53,150,4,20,2.8,18.8,1
446,GGadoSa00,2006,Samkon Gado,2TM,24,9,1,56,210,1,34,3.8,23.3,1
447,GGadoSa00,2005,Samkon Gado,GNB,23,8,5,143,582,6,64,4.1,72.8,4
448,GGarnCh00,2004,Charlie Garner,TAM,32,3,3,30,111,0,25,3.7,37.0,0
449,GGarnCh00,2003,Charlie Garner,OAK,31,14,9,120,553,3,33,4.6,39.5,1
450,GGarnCh00,2002,Charlie Garner,OAK,30,16,15,182,962,7,36,5.3,60.1,0
451,GGarnCh00,2001,Charlie Garner,OAK,29,16,16,211,839,1,38,4.0,52.4,2
452,GGarnCh00,2000,Charlie Garner,SFO,28,16,15,258,1142,7,42,4.4,71.4,4
453,GGarnCh00,1999,Charlie Garner,SFO,27,16,15,241,1229,4,53,5.1,76.8,4
454,GGarnCh00,1998,Charlie Garner,PHI,26,10,3,96,381,4,40,4.0,38.1,1
455,GGarnCh00,1997,Charlie Garner,PHI,25,16,2,116,547,3,26,4.7,34.2,1
456,GGarnCh00,1996,Charlie Garner,PHI,24,15,1,66,346,1,46,5.2,23.1,1
457,GGarnCh00,1995,Charlie Garner,PHI,23,15,3,108,588,6,55,5.4,39.2,2
458,GGaryOl00,2003,Olandis Gary,DET,28,13,1,113,384,2,27,3.4,29.5,1
459,GGaryOl00,2002,Olandis Gary,DEN,27,13,2,37,147,1,26,4.0,11.3,0
460,GGaryOl00,2001,Olandis Gary,DEN,26,9,1,57,228,1,29,4.0,25.3,0
461,GGaryOl00,2000,Olandis Gary,DEN,25,1,0,13,80,0,25,6.2,80.0,0
462,GGaryOl00,1999,Olandis Gary,DEN,24,12,12,276,1159,7,71,4.2,96.6,2
463,GGeorEd00,2003,Eddie George,TEN,30,16,16,312,1031,5,27,3.3,64.4,1
464,GGeorEd00,2002,Eddie George,TEN,29,16,16,343,1165,12,35,3.4,72.8,1
465,GGeorEd00,2001,Eddie George,TEN,28,16,16,315,939,5,27,3.0,58.7,8
466,GGeorEd00,2000,Eddie George,TEN,27,16,16,403,1509,14,35,3.7,94.3,5
467,GGeorEd00,1999,Eddie George,TEN,26,16,16,320,1304,9,40,4.1,81.5,5
468,GGeorEd00,1998,Eddie George,TEN,25,16,16,348,1294,5,37,3.7,80.9,7
469,GGeorEd00,1997,Eddie George,TEN,24,16,16,357,1399,6,30,3.9,87.4,4
470,GGeorEd00,1996,Eddie George,HOU,23,16,16,335,1368,8,76,4.1,85.5,3
471,GGoinNi00,2008,Nick Goings,CAR,30,16,0,9,10,0,4,1.1,0.6,0
472,GGoinNi00,2006,Nick Goings,CAR,28,11,0,11,52,0,28,4.7,4.7,0
473,GGoinNi00,2005,Nick Goings,CAR,27,16,1,37,133,0,17,3.6,8.3,1
474,GGoinNi00,2004,Nick Goings,CAR,26,16,8,217,821,6,57,3.8,51.3,1
475,GGoinNi00,2003,Nick Goings,CAR,25,15,0,10,69,0,17,6.9,4.6,0
476,GGoinNi00,2002,Nick Goings,CAR,24,14,2,50,188,0,20,3.8,13.4,2
477,GGoinNi00,2001,Nick Goings,CAR,23,13,2,66,197,0,16,3.0,15.2,1
478,GGordMe00,2019,Melvin Gordon,LAC,26,12,11,162,612,8,24,3.8,51.0,4
479,GGordMe00,2018,Melvin Gordon,LAC,25,12,12,175,885,10,34,5.1,73.8,1
480,GGordMe00,2017,Melvin Gordon,LAC,24,16,16,284,1105,8,87,3.9,69.1,1
481,GGordMe00,2016,Melvin Gordon,SDG,23,13,11,254,997,10,48,3.9,76.7,2
482,GGordMe00,2015,Melvin Gordon,SDG,22,14,12,184,641,0,27,3.5,45.8,6
483,GGoreFr00,2018,Frank Gore,MIA,35,14,14,156,722,0,39,4.6,51.6,1
484,GGoreFr00,2017,Frank Gore,IND,34,16,16,261,961,3,21,3.7,60.1,3
485,GGoreFr00,2016,Frank Gore,IND,33,16,16,263,1025,4,22,3.9,64.1,2
486,GGoreFr00,2015,Frank Gore,IND,32,16,16,260,967,6,37,3.7,60.4,4
487,GGoreFr00,2014,Frank Gore,SFO,31,16,16,255,1106,4,52,4.3,69.1,2
488,GGoreFr00,2013,Frank Gore,SFO,30,16,16,276,1128,9,51,4.1,70.5,3
489,GGoreFr00,2012,Frank Gore,SFO,29,16,16,258,1214,8,37,4.7,75.9,3
490,GGoreFr00,2011,Frank Gore,SFO,28,16,15,282,1211,8,55,4.3,75.7,2
491,GGoreFr00,2010,Frank Gore,SFO,27,11,11,203,853,3,64,4.2,77.5,4
492,GGoreFr00,2009,Frank Gore,SFO,26,14,14,229,1120,10,80,4.9,80.0,4
493,GGoreFr00,2008,Frank Gore,SFO,25,14,14,240,1036,6,41,4.3,74.0,6
494,GGoreFr00,2007,Frank Gore,SFO,24,15,15,260,1102,5,43,4.2,73.5,4
495,GGoreFr00,2006,Frank Gore,SFO,23,16,16,312,1695,8,72,5.4,105.9,6
496,GGoreFr00,2005,Frank Gore,SFO,22,14,1,127,608,3,72,4.8,43.4,2
497,GGrahEa00,2011,Earnest Graham,TAM,31,7,2,37,206,0,34,5.6,29.4,1
498,GGrahEa00,2008,Earnest Graham,TAM,28,10,10,132,563,4,68,4.3,56.3,2
499,GGrahEa00,2007,Earnest Graham,TAM,27,15,10,222,898,10,28,4.0,59.9,1
500,GGrahEa00,2006,Earnest Graham,TAM,26,16,0,11,59,0,17,5.4,3.7,0
501,GGrahEa00,2005,Earnest Graham,TAM,25,16,0,28,83,0,16,3.0,5.2,1
502,GGrahEa00,2004,Earnest Graham,TAM,24,9,0,13,73,0,13,5.6,8.1,0
503,GGranRy00,2012,Ryan Grant,2TM,30,5,1,32,132,2,18,4.1,26.4,1
504,GGranRy00,2011,Ryan Grant,GNB,29,15,14,134,559,2,47,4.2,37.3,2
505,GGranRy00,2010,Ryan Grant,GNB,28,1,1,8,45,0,18,5.6,45.0,0
506,GGranRy00,2009,Ryan Grant,GNB,27,16,16,282,1253,11,62,4.4,78.3,1
507,GGranRy00,2008,Ryan Grant,GNB,26,16,14,312,1203,4,57,3.9,75.2,4
508,GGranRy00,2007,Ryan Grant,GNB,25,15,7,188,956,8,66,5.1,63.7,1
509,GGreeAh00,2009,Ahman Green,GNB,32,8,0,41,160,1,26,3.9,20.0,0
510,GGreeAh00,2008,Ahman Green,HOU,31,8,1,74,294,3,14,4.0,36.8,0
511,GGreeAh00,2006,Ahman Green,GNB,29,14,14,266,1059,5,70,4.0,75.6,4
512,GGreeAh00,2004,Ahman Green,GNB,27,15,15,259,1163,7,90,4.5,77.5,7
513,GGreeAh00,2003,Ahman Green,GNB,26,16,16,355,1883,15,98,5.3,117.7,7
514,GGreeAh00,2002,Ahman Green,GNB,25,14,14,286,1240,7,43,4.3,88.6,4
515,GGreeAh00,2001,Ahman Green,GNB,24,16,16,304,1387,9,83,4.6,86.7,5
516,GGreeAh00,2000,Ahman Green,GNB,23,16,11,263,1175,10,39,4.5,73.4,6
517,GGreeAh00,1999,Ahman Green,SEA,22,14,0,26,120,0,21,4.6,8.6,2
518,GGreeAh00,1998,Ahman Green,SEA,21,16,0,35,209,1,64,6.0,13.1,1
519,GGreeBe00,2013,BenJarvus Green-Ellis,CIN,28,16,16,220,756,7,25,3.4,47.3,2
520,GGreeBe00,2012,BenJarvus Green-Ellis,CIN,27,15,15,278,1094,6,48,3.9,72.9,3
521,GGreeBe00,2011,BenJarvus Green-Ellis,NWE,26,16,6,181,667,11,18,3.7,41.7,0
522,GGreeBe00,2010,BenJarvus Green-Ellis,NWE,25,16,11,229,1008,13,33,4.4,63.0,0
523,GGreeBe00,2009,BenJarvus Green-Ellis,NWE,24,12,0,26,114,0,29,4.4,9.5,0
524,GGreeBe00,2008,BenJarvus Green-Ellis,NWE,23,9,3,74,275,5,15,3.7,30.6,0
525,GGreeHa00,1998,Harold Green,ATL,30,6,0,20,37,0,6,1.9,6.2,1
526,GGreeHa00,1997,Harold Green,ATL,29,16,1,36,78,1,22,2.2,4.9,0
527,GGreeHa00,1995,Harold Green,CIN,27,15,15,171,661,2,23,3.9,44.1,2
528,GGreeSh00,2013,Shonn Greene,TEN,28,11,0,77,295,4,29,3.8,26.8,0
529,GGreeSh00,2012,Shonn Greene,NYJ,27,16,14,276,1063,8,36,3.9,66.4,4
530,GGreeSh00,2011,Shonn Greene,NYJ,26,16,15,253,1054,6,31,4.2,65.9,1
531,GGreeSh00,2010,Shonn Greene,NYJ,25,15,2,185,766,2,23,4.1,51.1,3
532,GGreeSh00,2009,Shonn Greene,NYJ,24,14,0,108,540,2,33,5.0,38.6,3
533,GGreeWi01,2005,William Green,CLE,26,8,0,20,78,0,17,3.9,9.8,0
534,GGreeWi01,2004,William Green,CLE,25,15,13,163,585,2,46,3.6,39.0,3
535,GGreeWi01,2003,William Green,CLE,24,7,7,142,559,1,26,3.9,79.9,5
536,GGreeWi01,2002,William Green,CLE,23,16,10,243,887,6,64,3.7,55.4,4
537,GGurlTo01,2019,Todd Gurley,LAR,25,15,15,223,857,12,25,3.8,57.1,3
538,GGurlTo01,2018,Todd Gurley,LAR,24,14,14,256,1251,17,36,4.9,89.4,1
539,GGurlTo01,2017,Todd Gurley,LAR,23,15,15,279,1305,13,57,4.7,87.0,5
540,GGurlTo01,2016,Todd Gurley,LAR,22,16,16,278,885,6,24,3.2,55.3,2
541,GGurlTo01,2015,Todd Gurley,STL,21,13,12,229,1106,10,71,4.8,85.1,3
542,HHambTr00,2004,Troy Hambrick,ARI,28,10,0,63,283,1,62,4.5,28.3,0
543,HHambTr00,2003,Troy Hambrick,DAL,27,16,16,275,972,5,42,3.5,60.8,4
544,HHambTr00,2002,Troy Hambrick,DAL,26,16,0,79,317,1,18,4.0,19.8,2
545,HHambTr00,2000,Troy Hambrick,DAL,24,3,0,6,28,0,13,4.7,9.3,0
546,HHampRo00,1997,Rodney Hampton ,NYG,28,2,0,23,81,1,22,3.5,40.5,0
547,HHampRo00,1996,Rodney Hampton ,NYG,27,15,15,254,827,1,25,3.3,55.1,3
548,HHampRo00,1995,Rodney Hampton ,NYG,26,16,15,306,1182,10,32,3.9,73.9,5
549,HHarrRa00,2000,Raymont Harris,2TM,30,4,0,13,36,0,7,2.8,9.0,0
550,HHarrRa00,1998,Raymont Harris,GNB,28,8,3,79,228,1,14,2.9,28.5,3
551,HHarrRa00,1997,Raymont Harris,CHI,27,13,13,275,1033,10,68,3.8,79.5,1
552,HHarrRa00,1996,Raymont Harris,CHI,26,12,10,194,748,4,23,3.9,62.3,3
553,HHaviSt00,2013,Stanley Havili,IND,26,13,8,7,7,0,4,1.0,0.5,0
554,HHaviSt00,2012,Stanley Havili,PHI,25,15,2,6,22,1,8,3.7,1.5,0
555,HHearGa00,2004,Garrison Hearst,DEN,33,7,0,20,81,1,11,4.1,11.6,0
556,HHearGa00,2003,Garrison Hearst,SFO,32,12,12,178,768,3,36,4.3,64.0,2
557,HHearGa00,2002,Garrison Hearst,SFO,31,16,16,215,972,8,40,4.5,60.8,4
558,HHearGa00,2001,Garrison Hearst,SFO,30,16,16,252,1206,4,43,4.8,75.4,1
559,HHearGa00,1998,Garrison Hearst,SFO,27,16,16,310,1570,7,96,5.1,98.1,4
560,HHearGa00,1997,Garrison Hearst,SFO,26,13,13,234,1019,4,51,4.4,78.4,2
561,HHearGa00,1996,Garrison Hearst,CIN,25,16,12,225,847,0,24,3.8,52.9,1
562,HHearGa00,1995,Garrison Hearst,ARI,24,16,15,284,1070,1,38,3.8,66.9,12
563,HHeluRo00,2015,Roy Helu,OAK,27,9,0,17,39,0,12,2.3,4.3,0
564,HHeluRo00,2014,Roy Helu,WAS,26,14,0,40,216,1,18,5.4,15.4,2
565,HHeluRo00,2013,Roy Helu,WAS,25,16,0,62,274,4,24,4.4,17.1,2
566,HHeluRo00,2011,Roy Helu,WAS,23,15,5,151,640,2,28,4.2,42.7,2
567,HHenrDe00,2019,Derrick Henry ,TEN,25,15,15,303,1540,16,74,5.1,102.7,5
568,HHenrDe00,2018,Derrick Henry ,TEN,24,16,12,215,1059,12,99,4.9,66.2,1
569,HHenrDe00,2016,Derrick Henry ,TEN,22,15,2,110,490,5,22,4.5,32.7,0
570,HHenrTr00,2006,Travis Henry ,TEN,28,14,13,270,1211,7,70,4.5,86.5,3
571,HHenrTr00,2005,Travis Henry ,TEN,27,10,1,88,335,0,29,3.8,33.5,2
572,HHenrTr00,2003,Travis Henry ,BUF,25,15,15,331,1356,10,64,4.1,90.4,7
573,HHenrTr00,2002,Travis Henry ,BUF,24,16,16,325,1438,13,34,4.4,89.9,11
574,HHenrTr00,2001,Travis Henry ,BUF,23,13,12,213,729,4,25,3.4,56.1,5
575,HHeywCr00,1998,Craig Heyward,IND,32,4,3,6,15,0,8,2.5,3.8,0
576,HHeywCr00,1995,Craig Heyward,ATL,29,16,16,236,1083,6,31,4.6,67.7,3
577,HHighTi00,2016,Tim Hightower,NOR,30,16,1,133,548,4,30,4.1,34.3,0
578,HHighTi00,2015,Tim Hightower,NOR,29,8,3,96,375,4,26,3.9,46.9,0
579,HHighTi00,2010,Tim Hightower,ARI,24,16,13,153,736,5,80,4.8,46.0,5
580,HHighTi00,2009,Tim Hightower,ARI,23,16,16,143,598,8,50,4.2,37.4,5
581,HHillGr00,1999,Greg Hill,DET,27,14,8,144,542,2,45,3.8,38.7,1
582,HHillGr00,1998,Greg Hill,STL,26,2,2,40,240,4,46,6.0,120.0,0
583,HHillGr00,1997,Greg Hill,KAN,25,16,16,157,550,0,38,3.5,34.4,1
584,HHillGr00,1996,Greg Hill,KAN,24,15,1,135,645,4,28,4.8,43.0,1
585,HHillJe01,2017,Jeremy Hill,CIN,25,7,7,37,116,0,13,3.1,16.6,1
586,HHillJe01,2016,Jeremy Hill,CIN,24,15,13,222,839,9,74,3.8,55.9,0
587,HHillJe01,2015,Jeremy Hill,CIN,23,16,15,223,794,11,38,3.6,49.6,3
588,HHillPe00,2014,Peyton Hillis,NYG,28,9,0,26,115,0,16,4.4,12.8,0
589,HHillPe00,2013,Peyton Hillis,NYG,27,7,1,73,247,2,27,3.4,35.3,2
590,HHillPe00,2012,Peyton Hillis,KAN,26,13,2,85,309,1,18,3.6,23.8,2
591,HHillPe00,2011,Peyton Hillis,CLE,25,10,9,161,587,3,24,3.6,58.7,2
592,HHillPe00,2010,Peyton Hillis,CLE,24,16,14,270,1177,11,48,4.4,73.6,8
593,HHillPe00,2009,Peyton Hillis,DEN,23,14,2,13,54,1,13,4.2,3.9,1
594,HHillPe00,2008,Peyton Hillis,DEN,22,12,6,68,343,5,19,5.0,28.6,0
595,HHillRo00,2016,Ronnie Hillman,2TM,25,8,1,41,131,0,17,3.2,16.4,0
596,HHillRo00,2015,Ronnie Hillman,DEN,24,16,10,207,863,7,72,4.2,53.9,3
597,HHillRo00,2014,Ronnie Hillman,DEN,23,8,4,106,434,3,37,4.1,54.3,1
598,HHillRo00,2013,Ronnie Hillman,DEN,22,10,0,55,218,1,19,4.0,21.8,2
599,HHillRo00,2012,Ronnie Hillman,DEN,21,14,0,85,330,1,31,3.9,23.6,2
600,HHoarLe00,1999,Leroy Hoard,MIN,31,15,3,138,555,10,53,4.0,37.0,4
601,HHoarLe00,1998,Leroy Hoard,MIN,30,16,1,115,479,9,50,4.2,29.9,1
602,HHoarLe00,1997,Leroy Hoard,MIN,29,12,1,80,235,4,20,2.9,19.6,0
603,HHoarLe00,1996,Leroy Hoard,3TM,28,11,7,125,492,3,25,3.9,44.7,3
604,HHoarLe00,1995,Leroy Hoard,CLE,27,12,12,136,547,0,25,4.0,45.6,5
605,HHolcRo00,2003,Robert Holcombe,TEN,28,15,0,63,201,1,21,3.2,13.4,2
606,HHolcRo00,2002,Robert Holcombe,TEN,27,8,0,47,242,0,39,5.1,30.3,1
607,HHolcRo00,2001,Robert Holcombe,STL,26,16,0,13,42,1,11,3.2,2.6,1
608,HHolcRo00,1998,Robert Holcombe,STL,23,13,6,98,230,2,12,2.3,17.7,0
609,HHolmPr00,2007,Priest Holmes,KAN,34,4,2,46,137,0,11,3.0,34.3,0
610,HHolmPr00,2004,Priest Holmes,KAN,31,8,8,196,892,14,33,4.6,111.5,4
611,HHolmPr00,2003,Priest Holmes,KAN,30,16,16,320,1420,27,31,4.4,88.8,1
612,HHolmPr00,2002,Priest Holmes,KAN,29,14,14,313,1615,21,56,5.2,115.4,1
613,HHolmPr00,2001,Priest Holmes,KAN,28,16,16,327,1555,8,41,4.8,97.2,4
614,HHolmPr00,2000,Priest Holmes,BAL,27,16,2,137,588,2,21,4.3,36.8,2
615,HHolmPr00,1999,Priest Holmes,BAL,26,9,4,89,506,1,72,5.7,56.2,0
616,HHolmPr00,1998,Priest Holmes,BAL,25,16,13,233,1008,7,56,4.3,63.0,3
617,HHowaJo00,2018,Jordan Howard,CHI,24,16,15,250,935,9,42,3.7,58.4,2
618,HHowaJo00,2017,Jordan Howard,CHI,23,16,16,276,1122,9,53,4.1,70.1,1
619,HHowaJo00,2016,Jordan Howard,CHI,22,15,13,252,1313,6,69,5.2,87.5,2
620,HHuntKa00,2019,Kareem Hunt,CLE,24,8,3,43,179,2,16,4.2,22.4,1
621,HHuntKa00,2018,Kareem Hunt,KAN,23,11,11,181,824,7,45,4.6,74.9,0
622,HHuntKa00,2017,Kareem Hunt,KAN,22,16,16,272,1327,8,69,4.9,82.9,1
623,HHuntRi00,2001,Richard Huntley,CAR,29,14,9,165,665,2,25,4.0,47.5,3
624,HHuntRi00,2000,Richard Huntley,PIT,28,13,0,46,215,3,30,4.7,16.5,1
625,HHuntRi00,1999,Richard Huntley,PIT,27,16,2,93,567,5,52,6.1,35.4,3
626,HHuntRi00,1998,Richard Huntley,PIT,26,16,1,55,242,1,48,4.4,15.1,5
627,HHydeCa00,2020,Carlos Hyde,SEA,30,4,0,31,125,2,24,4.0,31.3,0
628,HHydeCa00,2019,Carlos Hyde,HOU,29,16,14,245,1070,6,58,4.4,66.9,4
629,HHydeCa00,2018,Carlos Hyde,2TM,28,14,7,172,571,5,22,3.3,40.8,2
630,HHydeCa00,2017,Carlos Hyde,SFO,27,16,16,240,938,8,61,3.9,58.6,2
631,HHydeCa00,2016,Carlos Hyde,SFO,26,13,13,217,988,6,47,4.6,76.0,5
632,HHydeCa00,2015,Carlos Hyde,SFO,25,7,7,115,470,3,22,4.1,67.1,1
633,HHydeCa00,2014,Carlos Hyde,SFO,24,14,0,83,333,4,28,4.0,23.8,1
634,IIngrMa01,2019,Mark Ingram,BAL,30,15,15,202,1018,10,53,5.0,67.9,2
635,IIngrMa01,2017,Mark Ingram,NOR,28,16,12,230,1124,12,72,4.9,70.3,3
636,IIngrMa01,2016,Mark Ingram,NOR,27,16,14,205,1043,6,75,5.1,65.2,2
637,IIngrMa01,2015,Mark Ingram,NOR,26,12,10,166,769,6,70,4.6,64.1,2
638,IIngrMa01,2014,Mark Ingram,NOR,25,13,9,226,964,9,31,4.3,74.2,3
639,IIngrMa01,2013,Mark Ingram,NOR,24,11,3,78,386,1,34,4.9,35.1,1
640,IIngrMa01,2011,Mark Ingram,NOR,22,10,4,122,474,5,35,3.9,47.4,1
641,IIvorCh00,2018,Chris Ivory,BUF,30,13,1,115,385,1,21,3.3,29.6,1
642,IIvorCh00,2017,Chris Ivory,JAX,29,14,3,112,382,1,34,3.4,27.3,2
643,IIvorCh00,2016,Chris Ivory,JAX,28,11,1,117,439,3,42,3.8,39.9,5
644,IIvorCh00,2015,Chris Ivory,NYJ,27,15,14,247,1070,7,58,4.3,71.3,4
645,IIvorCh00,2014,Chris Ivory,NYJ,26,16,10,198,821,6,71,4.1,51.3,2
646,IIvorCh00,2012,Chris Ivory,NOR,24,6,2,40,217,2,56,5.4,36.2,0
647,IIvorCh00,2011,Chris Ivory,NOR,23,6,2,79,374,1,35,4.7,62.3,0
648,IIvorCh00,2010,Chris Ivory,NOR,22,12,4,137,716,5,55,5.2,59.7,4
649,JJackBr00,2012,Brandon Jackson,CLE,27,2,0,8,54,0,25,6.8,27.0,0
650,JJackBr00,2010,Brandon Jackson,GNB,25,16,13,190,703,3,71,3.7,43.9,1
651,JJackBr00,2009,Brandon Jackson,GNB,24,12,0,37,111,2,9,3.0,9.3,1
652,JJackBr00,2008,Brandon Jackson,GNB,23,13,0,45,248,1,32,5.5,19.1,1
653,JJackBr00,2007,Brandon Jackson,GNB,22,11,3,75,267,1,46,3.6,24.3,0
654,JJackFr02,2015,Fred Jackson,SEA,34,16,0,26,100,0,16,3.8,6.3,1
655,JJackFr02,2014,Fred Jackson,BUF,33,14,9,141,525,2,38,3.7,37.5,5
656,JJackFr02,2011,Fred Jackson,BUF,30,10,10,170,934,6,80,5.5,93.4,2
657,JJackFr02,2010,Fred Jackson,BUF,29,16,13,222,927,5,39,4.2,57.9,5
658,JJackFr02,2009,Fred Jackson,BUF,28,16,11,237,1062,2,43,4.5,66.4,4
659,JJackFr02,2008,Fred Jackson,BUF,27,16,3,130,571,3,32,4.4,35.7,3
660,JJackFr02,2007,Fred Jackson,BUF,26,8,1,58,300,0,27,5.2,37.5,0
661,JJackJa00,2004,James Jackson,2TM,28,5,0,12,81,0,38,6.8,16.2,1
662,JJackJa00,2002,James Jackson,CLE,26,16,0,12,54,0,18,4.5,3.4,0
663,JJackJa00,2001,James Jackson,CLE,25,11,10,195,554,2,22,2.8,50.4,1
664,JJackSt00,2015,Steven Jackson,NWE,32,2,1,21,50,1,7,2.4,25.0,0
665,JJackSt00,2014,Steven Jackson,ATL,31,15,15,190,707,6,55,3.7,47.1,0
666,JJackSt00,2013,Steven Jackson,ATL,30,12,12,157,543,6,50,3.5,45.3,0
667,JJackSt00,2012,Steven Jackson,STL,29,16,16,258,1045,4,46,4.1,65.3,0
668,JJackSt00,2011,Steven Jackson,STL,28,15,15,260,1145,5,47,4.4,76.3,2
669,JJackSt00,2010,Steven Jackson,STL,27,16,16,330,1241,6,42,3.8,77.6,1
670,JJackSt00,2009,Steven Jackson,STL,26,15,15,324,1416,4,58,4.4,94.4,2
671,JJackSt00,2008,Steven Jackson,STL,25,12,11,253,1042,7,56,4.1,86.8,5
672,JJackSt00,2007,Steven Jackson,STL,24,12,12,237,1002,5,54,4.2,83.5,5
673,JJackSt00,2006,Steven Jackson,STL,23,16,16,346,1528,13,59,4.4,95.5,4
674,JJackSt00,2005,Steven Jackson,STL,22,15,15,254,1046,8,51,4.1,69.7,3
675,JJackSt00,2004,Steven Jackson,STL,21,14,3,134,673,4,48,5.0,48.1,1
676,JJacoBr00,2013,Brandon Jacobs,NYG,31,7,1,58,238,4,37,4.1,34.0,1
677,JJacoBr00,2012,Brandon Jacobs,SFO,30,2,0,5,7,0,3,1.4,3.5,0
678,JJacoBr00,2009,Brandon Jacobs,NYG,27,15,15,224,835,5,31,3.7,55.7,2
679,JJacoBr00,2008,Brandon Jacobs,NYG,26,13,13,219,1089,15,44,5.0,83.8,3
680,JJacoBr00,2007,Brandon Jacobs,NYG,25,11,9,202,1009,4,43,5.0,91.7,5
681,JJacoBr00,2006,Brandon Jacobs,NYG,24,15,0,96,423,9,16,4.4,28.2,2
682,JJacoBr00,2005,Brandon Jacobs,NYG,23,16,0,38,99,7,21,2.6,6.2,1
683,JJacoJo01,2019,Josh Jacobs,OAK,21,13,13,242,1150,7,51,4.8,88.5,1
684,JJameEd00,2009,Edgerrin James,SEA,31,7,0,46,125,0,10,2.7,17.9,1
685,JJameEd00,2008,Edgerrin James,ARI,30,13,7,133,514,3,35,3.9,39.5,2
686,JJameEd00,2007,Edgerrin James,ARI,29,16,16,324,1222,7,27,3.8,76.4,5
687,JJameEd00,2006,Edgerrin James,ARI,28,16,16,337,1159,6,18,3.4,72.4,3
688,JJameEd00,2005,Edgerrin James,IND,27,15,15,360,1506,13,33,4.2,100.4,2
689,JJameEd00,2004,Edgerrin James,IND,26,16,16,334,1548,9,40,4.6,96.8,6
690,JJameEd00,2003,Edgerrin James,IND,25,13,13,310,1259,11,43,4.1,96.8,5
691,JJameEd00,2002,Edgerrin James,IND,24,14,14,277,989,2,20,3.6,70.6,4
692,JJameEd00,2000,Edgerrin James,IND,22,16,16,387,1709,13,30,4.4,106.8,5
693,JJameEd00,1999,Edgerrin James,IND,21,16,16,369,1553,13,72,4.2,97.1,8
694,JJennRa00,2016,Rashad Jennings,NYG,31,13,12,181,593,3,25,3.3,45.6,1
695,JJennRa00,2015,Rashad Jennings,NYG,30,16,16,195,863,3,38,4.4,53.9,2
696,JJennRa00,2014,Rashad Jennings,NYG,29,11,9,167,639,4,18,3.8,58.1,1
697,JJennRa00,2013,Rashad Jennings,OAK,28,15,8,163,733,6,80,4.5,48.9,0
698,JJennRa00,2012,Rashad Jennings,JAX,27,10,6,101,283,2,21,2.8,28.3,3
699,JJennRa00,2010,Rashad Jennings,JAX,25,13,3,84,459,4,74,5.5,35.3,0
700,JJennRa00,2009,Rashad Jennings,JAX,24,15,0,39,202,1,28,5.2,13.5,0
701,JJervTr00,2002,Travis Jervey ,ATL,30,6,0,10,17,0,9,1.7,2.8,1
702,JJervTr00,1999,Travis Jervey ,SFO,27,8,0,6,49,1,33,8.2,6.1,0
703,JJervTr00,1998,Travis Jervey ,GNB,26,8,5,83,325,1,16,3.9,40.6,0
704,JJervTr00,1996,Travis Jervey ,GNB,24,16,0,26,106,0,12,4.1,6.6,4
705,JJohnAn00,2000,Anthony Johnson ,JAX,33,12,3,28,112,1,19,4.0,9.3,0
706,JJohnAn00,1999,Anthony Johnson ,CAR,32,16,0,25,72,0,23,2.9,4.5,1
707,JJohnAn00,1998,Anthony Johnson ,CAR,31,16,2,36,135,0,21,3.8,8.4,3
708,JJohnAn00,1996,Anthony Johnson ,CAR,29,16,11,300,1120,6,29,3.7,70.0,2
709,JJohnAn00,1995,Anthony Johnson ,2TM,28,15,0,30,140,1,23,4.7,9.3,2
710,JJohnCh04,2017,Chris Johnson ,ARI,32,4,3,45,114,0,11,2.5,28.5,0
711,JJohnCh04,2016,Chris Johnson ,ARI,31,4,0,25,95,1,18,3.8,23.8,0
712,JJohnCh04,2015,Chris Johnson ,ARI,30,11,9,196,814,3,62,4.2,74.0,2
713,JJohnCh04,2013,Chris Johnson ,TEN,28,16,16,279,1077,6,30,3.9,67.3,3
714,JJohnCh04,2012,Chris Johnson ,TEN,27,16,15,276,1243,6,94,4.5,77.7,5
715,JJohnCh04,2011,Chris Johnson ,TEN,26,16,16,262,1047,4,48,4.0,65.4,3
716,JJohnCh04,2010,Chris Johnson ,TEN,25,16,16,316,1364,11,76,4.3,85.3,3
717,JJohnCh04,2009,Chris Johnson ,TEN,24,16,16,358,2006,14,91,5.6,125.4,3
718,JJohnCh04,2008,Chris Johnson ,TEN,23,15,14,251,1228,9,66,4.9,81.9,1
719,JJohnDa08,2018,David Johnson,ARI,27,16,16,258,940,7,53,3.6,58.8,3
720,JJohnDa08,2017,David Johnson,ARI,26,1,1,11,23,0,6,2.1,23.0,2
721,JJohnDa08,2016,David Johnson,ARI,25,16,16,293,1239,16,58,4.2,77.4,5
722,JJohnKe06,2019,Kerryon Johnson,DET,22,8,7,113,403,3,20,3.6,50.4,1
723,JJohnLa00,2010,Larry Johnson,WAS,31,2,0,5,2,0,7,0.4,1.0,0
724,JJohnLa00,2009,Larry Johnson,2TM,30,14,7,178,581,0,27,3.3,41.5,2
725,JJohnLa00,2008,Larry Johnson,KAN,29,12,12,193,874,5,65,4.5,72.8,5
726,JJohnLa00,2007,Larry Johnson,KAN,28,8,8,158,559,3,54,3.5,69.9,1
727,JJohnLa00,2006,Larry Johnson,KAN,27,16,16,416,1789,17,47,4.3,111.8,2
728,JJohnLa00,2005,Larry Johnson,KAN,26,16,9,336,1750,20,49,5.2,109.4,5
729,JJohnLa00,2004,Larry Johnson,KAN,25,10,3,120,581,9,46,4.8,58.1,0
730,JJohnLa00,2003,Larry Johnson,KAN,24,6,0,20,85,1,15,4.3,14.2,0
731,JJohnLe01,1999,LeShon Johnson,NYG,28,16,4,61,143,2,17,2.3,8.9,2
732,JJohnLe01,1997,LeShon Johnson,ARI,26,14,0,23,81,0,11,3.5,5.8,0
733,JJohnLe01,1996,LeShon Johnson,ARI,25,15,8,141,634,3,70,4.5,42.3,5
734,JJohnRu00,2008,Rudi Johnson,DET,29,14,4,76,237,1,27,3.1,16.9,1
735,JJohnRu00,2007,Rudi Johnson,CIN,28,11,9,170,497,3,22,2.9,45.2,3
736,JJohnRu00,2006,Rudi Johnson,CIN,27,16,15,341,1309,12,22,3.8,81.8,6
737,JJohnRu00,2005,Rudi Johnson,CIN,26,16,14,337,1458,12,33,4.3,91.1,1
738,JJohnRu00,2004,Rudi Johnson,CIN,25,16,16,361,1454,12,52,4.0,90.9,4
739,JJohnRu00,2003,Rudi Johnson,CIN,24,13,5,215,957,9,54,4.5,73.6,0
740,JJohnRu00,2002,Rudi Johnson,CIN,23,7,0,17,67,0,13,3.9,9.6,0
741,JJoneAa00,2019,Aaron Jones,GNB,25,16,16,236,1084,16,56,4.6,67.8,3
742,JJoneAa00,2018,Aaron Jones,GNB,24,12,8,133,728,8,67,5.5,60.7,1
743,JJoneAa00,2017,Aaron Jones,GNB,23,12,4,81,448,4,46,5.5,37.3,0
744,JJoneFe00,2013,Felix Jones,PIT,26,16,2,48,184,0,14,3.8,11.5,1
745,JJoneFe00,2011,Felix Jones,DAL,24,12,8,127,575,1,40,4.5,47.9,5
746,JJoneFe00,2009,Felix Jones,DAL,22,14,1,116,685,3,56,5.9,48.9,3
747,JJoneFe00,2008,Felix Jones,DAL,21,6,0,30,266,3,60,8.9,44.3,0
748,JJoneJu01,2010,Julius Jones,2TM,29,12,2,60,223,0,54,3.7,18.6,1
749,JJoneJu01,2009,Julius Jones,SEA,28,14,14,177,663,2,62,3.7,47.4,0
750,JJoneJu01,2008,Julius Jones,SEA,27,15,10,158,698,2,33,4.4,46.5,4
751,JJoneJu01,2007,Julius Jones,DAL,26,16,16,164,588,2,25,3.6,36.8,0
752,JJoneJu01,2006,Julius Jones,DAL,25,16,16,267,1084,4,77,4.1,67.8,1
753,JJoneJu01,2005,Julius Jones,DAL,24,13,12,257,993,5,51,3.9,76.4,4
754,JJoneJu01,2004,Julius Jones,DAL,23,8,7,197,819,7,53,4.2,102.4,3
755,JJoneKe02,2008,Kevin Jones,CHI,26,11,0,34,109,0,16,3.2,9.9,0
756,JJoneKe02,2007,Kevin Jones,DET,25,13,10,153,581,8,34,3.8,44.7,2
757,JJoneKe02,2006,Kevin Jones,DET,24,12,12,181,689,6,52,3.8,57.4,5
758,JJoneKe02,2005,Kevin Jones,DET,23,13,13,186,664,5,40,3.6,51.1,2
759,JJoneKe02,2004,Kevin Jones,DET,22,15,14,241,1133,5,74,4.7,75.5,2
760,JJoneRo01,2019,Ronald Jones II,TAM,22,16,9,172,724,6,49,4.2,45.3,3
761,JJoneRo01,2018,Ronald Jones II,TAM,21,9,0,23,44,1,9,1.9,4.9,0
762,JJoneTh00,2011,Thomas Jones,KAN,33,16,8,153,478,0,26,3.1,29.9,0
763,JJoneTh00,2010,Thomas Jones,KAN,32,16,10,245,896,6,70,3.7,56.0,3
764,JJoneTh00,2009,Thomas Jones,NYJ,31,16,16,331,1402,14,71,4.2,87.6,2
765,JJoneTh00,2008,Thomas Jones,NYJ,30,16,14,290,1312,13,59,4.5,82.0,2
766,JJoneTh00,2007,Thomas Jones,NYJ,29,16,14,310,1119,1,36,3.6,69.9,2
767,JJoneTh00,2006,Thomas Jones,CHI,28,16,16,296,1210,6,30,4.1,75.6,1
768,JJoneTh00,2005,Thomas Jones,CHI,27,15,15,314,1335,9,42,4.3,89.0,2
769,JJoneTh00,2004,Thomas Jones,CHI,26,14,14,240,948,7,54,4.0,67.7,2
770,JJoneTh00,2003,Thomas Jones,TAM,25,16,3,137,627,3,61,4.6,39.2,4
771,JJoneTh00,2002,Thomas Jones,ARI,24,9,9,138,511,2,58,3.7,56.8,3
772,JJoneTh00,2001,Thomas Jones,ARI,23,16,2,112,380,5,21,3.4,23.8,2
773,JJoneTh00,2000,Thomas Jones,ARI,22,14,4,112,373,2,29,3.3,26.6,4
774,JJordLa00,2009,LaMont Jordan,DEN,31,9,0,25,86,0,13,3.4,9.6,0
775,JJordLa00,2008,LaMont Jordan,NWE,30,8,0,80,363,4,49,4.5,45.4,1
776,JJordLa00,2006,LaMont Jordan,OAK,28,9,8,114,434,2,59,3.8,48.2,1
777,JJordLa00,2005,LaMont Jordan,OAK,27,14,14,272,1025,9,26,3.8,73.2,2
778,JJordLa00,2004,LaMont Jordan,NYJ,26,16,0,93,479,2,33,5.2,29.9,1
779,JJordLa00,2003,LaMont Jordan,NYJ,25,16,0,46,190,4,39,4.1,11.9,0
780,JJordLa00,2002,LaMont Jordan,NYJ,24,14,0,84,316,3,61,3.8,22.6,4
781,JJordLa00,2001,LaMont Jordan,NYJ,23,16,0,39,292,1,46,7.5,18.3,0
782,JJuszKy00,2016,Kyle Juszczyk,BAL,25,16,7,5,22,1,10,4.4,1.4,0
783,KKamaAl00,2019,Alvin Kamara,NOR,24,14,9,171,797,5,40,4.7,56.9,4
784,KKamaAl00,2018,Alvin Kamara,NOR,23,15,13,194,883,14,49,4.6,58.9,1
785,KKaufNa00,2000,Napoleon Kaufman ,OAK,27,14,2,93,499,0,60,5.4,35.6,1
786,KKaufNa00,1998,Napoleon Kaufman ,OAK,25,13,13,217,921,2,80,4.2,70.8,2
787,KKaufNa00,1997,Napoleon Kaufman ,OAK,24,16,16,272,1294,6,83,4.8,80.9,7
788,KKaufNa00,1996,Napoleon Kaufman ,OAK,23,16,9,150,874,1,77,5.8,54.6,3
789,KKaufNa00,1995,Napoleon Kaufman ,OAK,22,16,1,108,490,1,28,4.5,30.6,0
790,KKellRo00,2016,Robert Kelley ,WAS,24,15,9,168,704,6,66,4.2,46.9,0
791,KKirbTe00,2002,Terry Kirby,OAK,32,6,0,16,51,0,13,3.2,8.5,2
792,KKirbTe00,2001,Terry Kirby,OAK,31,11,0,10,49,0,20,4.9,4.5,1
793,KKirbTe00,2000,Terry Kirby,OAK,30,2,0,11,51,0,28,4.6,25.5,0
794,KKirbTe00,1999,Terry Kirby,CLE,29,16,10,130,452,6,28,3.5,28.3,4
795,KKirbTe00,1998,Terry Kirby,SFO,28,9,0,48,258,3,31,5.4,28.7,0
796,KKirbTe00,1997,Terry Kirby,SFO,27,16,3,125,418,6,38,3.3,26.1,3
797,KKirbTe00,1996,Terry Kirby,SFO,26,14,10,134,559,3,31,4.2,39.9,1
798,KKirbTe00,1995,Terry Kirby,MIA,25,16,4,108,414,4,38,3.8,25.9,2
799,LLacyEd00,2017,Eddie Lacy,SEA,27,9,3,69,179,0,19,2.6,19.9,0
800,LLacyEd00,2015,Eddie Lacy,GNB,25,15,12,187,758,3,29,4.1,50.5,4
801,LLacyEd00,2014,Eddie Lacy,GNB,24,16,16,246,1139,9,44,4.6,71.2,3
802,LLacyEd00,2013,Eddie Lacy,GNB,23,15,15,284,1178,11,60,4.1,78.5,1
803,LLaneFr00,1998,Fred Lane,CAR,23,14,11,205,717,5,31,3.5,51.2,4
804,LLaneFr00,1997,Fred Lane,CAR,22,13,7,182,809,7,50,4.4,62.2,4
805,LLeshMi00,2012,Mikel Leshoure,DET,22,14,14,215,798,9,16,3.7,57.0,3
806,LLeveDo00,2003,Dorsey Levens ,NYG,33,11,0,68,197,3,17,2.9,17.9,0
807,LLeveDo00,2002,Dorsey Levens ,PHI,32,16,0,75,411,1,47,5.5,25.7,1
808,LLeveDo00,2001,Dorsey Levens ,GNB,31,15,1,44,165,0,40,3.8,11.0,0
809,LLeveDo00,1999,Dorsey Levens ,GNB,29,14,14,279,1034,9,36,3.7,73.9,5
810,LLeveDo00,1998,Dorsey Levens ,GNB,28,7,4,115,378,1,50,3.3,54.0,0
811,LLeveDo00,1997,Dorsey Levens ,GNB,27,16,16,329,1435,7,52,4.4,89.7,5
812,LLeveDo00,1996,Dorsey Levens ,GNB,26,16,1,121,566,5,24,4.7,35.4,2
813,LLeveDo00,1995,Dorsey Levens ,GNB,25,15,12,36,120,3,22,3.3,8.0,0
814,LLewiDi00,2020,Dion Lewis,NYG,30,7,0,16,54,1,19,3.4,7.7,1
815,LLewiDi00,2017,Dion Lewis,NWE,27,16,8,180,896,6,44,5.0,56.0,0
816,LLewiDi00,2015,Dion Lewis,NWE,25,7,6,49,234,2,13,4.8,33.4,2
817,LLewiDi00,2012,Dion Lewis,PHI,22,9,0,13,69,1,17,5.3,7.7,0
818,LLewiDi00,2011,Dion Lewis,PHI,21,15,0,23,102,1,20,4.4,6.8,1
819,LLewiJa00,2009,Jamal Lewis,CLE,30,9,8,143,500,0,18,3.5,55.6,0
820,LLewiJa00,2008,Jamal Lewis,CLE,29,16,16,279,1002,4,29,3.6,62.6,2
821,LLewiJa00,2007,Jamal Lewis,CLE,28,15,15,298,1304,9,66,4.4,86.9,4
822,LLewiJa00,2006,Jamal Lewis,BAL,27,16,16,314,1132,9,52,3.6,70.8,4
823,LLewiJa00,2005,Jamal Lewis,BAL,26,15,15,269,906,3,25,3.4,60.4,5
824,LLewiJa00,2004,Jamal Lewis,BAL,25,12,12,235,1006,7,75,4.3,83.8,2
825,LLewiJa00,2003,Jamal Lewis,BAL,24,16,16,387,2066,14,82,5.3,129.1,8
826,LLewiJa00,2002,Jamal Lewis,BAL,23,16,15,308,1327,6,75,4.3,82.9,8
827,LLewiJa00,2000,Jamal Lewis,BAL,21,16,13,309,1364,6,45,4.4,85.3,6
828,LLindPh00,2019,Phillip Lindsay,DEN,25,16,16,224,1011,7,40,4.5,63.2,0
829,LLindPh00,2018,Phillip Lindsay,DEN,24,15,8,192,1037,9,65,5.4,69.1,0
830,LLineZa01,2018,Zach Line ,NOR,28,16,6,9,41,0,9,4.6,2.6,0
831,LLineZa01,2017,Zach Line ,NOR,27,12,4,7,28,0,9,4.0,2.3,0
832,LLineZa01,2016,Zach Line ,MIN,26,15,4,7,15,0,5,2.1,1.0,0
833,LLintJo00,2000,Jonathan Linton,BUF,26,14,2,38,112,0,12,2.9,8.0,3
834,LLintJo00,1999,Jonathan Linton,BUF,25,16,2,205,695,5,18,3.4,43.4,4
835,LLintJo00,1998,Jonathan Linton,BUF,24,14,0,45,195,1,20,4.3,13.9,0
836,LLoviDe00,1999,Derek Loville,DEN,31,10,0,40,203,1,36,5.1,20.3,1
837,LLoviDe00,1998,Derek Loville,DEN,30,16,0,53,161,2,12,3.0,10.1,0
838,LLoviDe00,1997,Derek Loville,DEN,29,16,0,25,124,1,17,5.0,7.8,1
839,LLoviDe00,1995,Derek Loville,SFO,27,16,16,218,723,10,27,3.3,45.2,1
840,LLundWa00,2006,Wali Lundy,HOU,23,14,8,124,476,4,35,3.8,34.0,1
841,LLyncMa00,2019,Marshawn Lynch ,SEA,33,1,0,12,34,1,15,2.8,34.0,0
842,LLyncMa00,2017,Marshawn Lynch ,OAK,31,15,15,207,891,7,51,4.3,59.4,1
843,LLyncMa00,2014,Marshawn Lynch ,SEA,28,16,14,280,1306,13,79,4.7,81.6,4
844,LLyncMa00,2013,Marshawn Lynch ,SEA,27,16,16,301,1257,12,43,4.2,78.6,4
845,LLyncMa00,2012,Marshawn Lynch ,SEA,26,16,15,315,1590,11,77,5.0,99.4,5
846,LLyncMa00,2011,Marshawn Lynch ,SEA,25,15,15,285,1204,12,47,4.2,80.3,3
847,LLyncMa00,2010,Marshawn Lynch ,2TM,24,16,14,202,737,6,39,3.6,46.1,4
848,LLyncMa00,2008,Marshawn Lynch ,BUF,22,15,15,250,1036,8,50,4.1,69.1,2
849,LLyncMa00,2007,Marshawn Lynch ,BUF,21,13,13,280,1115,7,56,4.0,85.8,2
850,MMackMa00,2019,Marlon Mack,IND,23,14,12,247,1091,8,63,4.4,77.9,0
851,MMackMa00,2018,Marlon Mack,IND,22,12,10,195,908,9,49,4.7,75.7,2
852,MMackMa00,2017,Marlon Mack,IND,21,14,0,93,358,3,35,3.8,25.6,1
853,MMackSt00,2002,Stacey Mack,JAX,27,16,0,98,436,9,23,4.4,27.3,0
854,MMackSt00,2001,Stacey Mack,JAX,26,16,11,213,877,9,54,4.1,54.8,3
855,MMackSt00,2000,Stacey Mack,JAX,25,6,2,54,145,1,14,2.7,24.2,3
856,MMackSt00,1999,Stacey Mack,JAX,24,12,0,7,40,0,19,5.7,3.3,0
857,MMartCu00,2005,Curtis Martin ,NYJ,32,12,12,220,735,5,49,3.3,61.3,2
858,MMartCu00,2004,Curtis Martin ,NYJ,31,16,16,371,1697,12,25,4.6,106.1,2
859,MMartCu00,2003,Curtis Martin ,NYJ,30,16,16,323,1308,2,56,4.0,81.8,2
860,MMartCu00,2002,Curtis Martin ,NYJ,29,16,16,261,1094,7,35,4.2,68.4,0
861,MMartCu00,2001,Curtis Martin ,NYJ,28,16,16,333,1513,10,47,4.5,94.6,2
862,MMartCu00,2000,Curtis Martin ,NYJ,27,16,16,316,1204,9,55,3.8,75.3,2
863,MMartCu00,1999,Curtis Martin ,NYJ,26,16,16,367,1464,5,50,4.0,91.5,2
864,MMartCu00,1998,Curtis Martin ,NYJ,25,15,15,369,1287,8,60,3.5,85.8,5
865,MMartCu00,1997,Curtis Martin ,NWE,24,13,13,274,1160,4,70,4.2,89.2,3
866,MMartCu00,1996,Curtis Martin ,NWE,23,16,15,316,1152,14,57,3.6,72.0,4
867,MMartCu00,1995,Curtis Martin ,NWE,22,16,15,368,1487,14,49,4.0,92.9,5
868,MMartDo00,2018,Doug Martin ,OAK,29,16,9,172,723,4,29,4.2,45.2,3
869,MMartDo00,2017,Doug Martin ,TAM,28,11,8,138,406,3,27,2.9,36.9,1
870,MMartDo00,2016,Doug Martin ,TAM,27,8,8,144,421,3,17,2.9,52.6,1
871,MMartDo00,2015,Doug Martin ,TAM,26,16,16,288,1402,6,84,4.9,87.6,5
872,MMartDo00,2014,Doug Martin ,TAM,25,11,11,134,494,2,63,3.7,44.9,0
873,MMartDo00,2013,Doug Martin ,TAM,24,6,6,127,456,1,28,3.6,76.0,2
874,MMartDo00,2012,Doug Martin ,TAM,23,16,16,319,1454,11,70,4.6,90.9,1
875,MMasoTr00,2015,Tre Mason,STL,22,13,3,75,207,1,15,2.8,15.9,3
876,MMasoTr00,2014,Tre Mason,STL,21,12,9,179,765,4,89,4.3,63.8,2
877,MMathRy00,2016,Ryan Mathews,PHI,29,13,8,155,661,8,30,4.3,50.8,3
878,MMathRy00,2013,Ryan Mathews,SDG,26,16,14,285,1255,6,51,4.4,78.4,2
879,MMathRy00,2012,Ryan Mathews,SDG,25,12,9,184,707,1,31,3.8,58.9,2
880,MMathRy00,2011,Ryan Mathews,SDG,24,14,14,222,1091,6,39,4.9,77.9,5
881,MMathRy00,2010,Ryan Mathews,SDG,23,12,9,158,678,7,31,4.3,56.5,5
882,MMcAlDe00,2007,Deuce McAllister,NOR,29,3,3,24,92,0,15,3.8,30.7,1
883,MMcAlDe00,2006,Deuce McAllister,NOR,28,15,13,244,1057,10,57,4.3,70.5,3
884,MMcAlDe00,2004,Deuce McAllister,NOR,26,14,14,269,1074,9,71,4.0,76.7,5
885,MMcAlDe00,2003,Deuce McAllister,NOR,25,16,16,351,1641,8,76,4.7,102.6,6
886,MMcAlDe00,2002,Deuce McAllister,NOR,24,15,15,325,1388,13,62,4.3,92.5,4
887,MMcAlDe00,2001,Deuce McAllister,NOR,23,16,4,16,91,1,54,5.7,5.7,1
888,MMcCaCh01,2019,Christian McCaffrey ,CAR,23,16,16,287,1387,15,84,4.8,86.7,1
889,MMcCaCh01,2018,Christian McCaffrey ,CAR,22,16,16,219,1098,7,59,5.0,68.6,4
890,MMcCaCh01,2017,Christian McCaffrey ,CAR,21,16,10,117,435,2,40,3.7,27.2,2
891,MMcCoLe01,2020,LeSean McCoy,TAM,32,5,0,6,-1,0,3,-0.2,-0.2,0
892,MMcCoLe01,2018,LeSean McCoy,BUF,30,14,13,161,514,3,28,3.2,36.7,0
893,MMcCoLe01,2017,LeSean McCoy,BUF,29,16,16,287,1138,6,48,4.0,71.1,3
894,MMcCoLe01,2016,LeSean McCoy,BUF,28,15,15,234,1267,13,75,5.4,84.5,3
895,MMcCoLe01,2015,LeSean McCoy,BUF,27,12,12,203,895,3,48,4.4,74.6,2
896,MMcCoLe01,2014,LeSean McCoy,PHI,26,16,16,312,1319,5,53,4.2,82.4,4
897,MMcCoLe01,2013,LeSean McCoy,PHI,25,16,16,314,1607,9,57,5.1,100.4,1
898,MMcCoLe01,2012,LeSean McCoy,PHI,24,12,12,200,840,2,34,4.2,70.0,4
899,MMcCoLe01,2011,LeSean McCoy,PHI,23,15,15,273,1309,17,60,4.8,87.3,1
900,MMcCoLe01,2010,LeSean McCoy,PHI,22,15,13,207,1080,7,62,5.2,72.0,2
901,MMcCoLe01,2009,LeSean McCoy,PHI,21,16,4,155,637,4,66,4.1,39.8,2
902,MMcElLe00,1997,Leeland McElroy,ARI,23,14,8,135,424,2,18,3.1,30.3,3
903,MMcFaDa00,2016,Darren McFadden,DAL,29,3,1,24,87,0,24,3.6,29.0,0
904,MMcFaDa00,2015,Darren McFadden,DAL,28,16,10,239,1089,3,50,4.6,68.1,3
905,MMcFaDa00,2014,Darren McFadden,OAK,27,16,12,155,534,2,25,3.4,33.4,1
906,MMcFaDa00,2012,Darren McFadden,OAK,25,12,12,216,707,2,64,3.3,58.9,2
907,MMcFaDa00,2010,Darren McFadden,OAK,23,13,13,223,1157,7,57,5.2,89.0,4
908,MMcGaWi00,2012,Willis McGahee,DEN,31,10,9,167,731,4,31,4.4,73.1,5
909,MMcGaWi00,2011,Willis McGahee,DEN,30,15,14,249,1199,4,60,4.8,79.9,4
910,MMcGaWi00,2010,Willis McGahee,BAL,29,15,2,100,380,5,30,3.8,25.3,2
911,MMcGaWi00,2009,Willis McGahee,BAL,28,16,1,109,544,12,77,5.0,34.0,1
912,MMcGaWi00,2008,Willis McGahee,BAL,27,13,8,170,671,7,77,3.9,51.6,3
913,MMcGaWi00,2007,Willis McGahee,BAL,26,15,15,294,1207,7,46,4.1,80.5,4
914,MMcGaWi00,2006,Willis McGahee,BUF,25,14,14,259,990,6,57,3.8,70.7,4
915,MMcGaWi00,2005,Willis McGahee,BUF,24,16,15,325,1247,5,27,3.8,77.9,1
916,MMcGaWi00,2004,Willis McGahee,BUF,23,16,11,284,1128,13,41,4.0,70.5,4
917,MMcKiJe00,2017,Jerick McKinnon ,MIN,25,16,1,150,570,3,58,3.8,35.6,3
918,MMcKiJe00,2016,Jerick McKinnon ,MIN,24,15,7,159,539,2,36,3.4,35.9,0
919,MMcKiJe00,2015,Jerick McKinnon ,MIN,23,16,0,52,271,2,68,5.2,16.9,0
920,MMeanNa00,1999,Natrone Means,SDG,27,7,5,112,277,4,15,2.5,39.6,0
921,MMeanNa00,1998,Natrone Means,SDG,26,10,10,212,883,5,72,4.2,88.3,2
922,MMeanNa00,1997,Natrone Means,JAX,25,14,11,244,823,9,20,3.4,58.8,5
923,MMeanNa00,1995,Natrone Means,SDG,23,10,9,186,730,5,36,3.9,73.0,2
924,MMendRa00,2013,Rashard Mendenhall,ARI,26,15,15,217,687,8,28,3.2,45.8,4
925,MMendRa00,2012,Rashard Mendenhall,PIT,25,6,4,51,182,0,20,3.6,30.3,3
926,MMendRa00,2011,Rashard Mendenhall,PIT,24,15,15,228,928,9,68,4.1,61.9,1
927,MMendRa00,2010,Rashard Mendenhall,PIT,23,16,16,324,1273,13,50,3.9,79.6,2
928,MMendRa00,2009,Rashard Mendenhall,PIT,22,16,12,242,1108,7,60,4.6,69.3,3
929,MMendRa00,2008,Rashard Mendenhall,PIT,21,4,1,19,58,0,12,3.1,14.5,0
930,MMichSo00,2019,Sony Michel,NWE,24,16,14,247,912,7,26,3.7,57.0,2
931,MMichSo00,2018,Sony Michel,NWE,23,13,8,209,931,6,34,4.5,71.6,1
932,MMillBr02,2014,Bruce Miller,SFO,27,16,8,6,9,0,4,1.5,0.6,1
933,MMillBr02,2013,Bruce Miller,SFO,26,14,13,7,13,0,4,1.9,0.9,1
934,MMillLa01,2018,Lamar Miller,HOU,27,14,14,210,973,5,97,4.6,69.5,1
935,MMillLa01,2017,Lamar Miller,HOU,26,16,13,238,888,3,21,3.7,55.5,1
936,MMillLa01,2016,Lamar Miller,HOU,25,14,14,268,1073,5,45,4.0,76.6,2
937,MMillLa01,2015,Lamar Miller,MIA,24,16,16,194,872,8,85,4.5,54.5,1
938,MMillLa01,2014,Lamar Miller,MIA,23,16,16,216,1099,8,97,5.1,68.7,3
939,MMillLa01,2013,Lamar Miller,MIA,22,16,15,177,709,2,49,4.0,44.3,1
940,MMillLa01,2012,Lamar Miller,MIA,21,13,1,51,250,1,28,4.9,19.2,0
941,MMixoJo00,2019,Joe Mixon,CIN,23,16,15,278,1137,5,41,4.1,71.1,0
942,MMontJo00,2002,Joe Montgomery,CAR,26,3,0,7,20,0,5,2.9,6.7,0
943,MMontJo00,1999,Joe Montgomery,NYG,23,7,5,115,348,3,14,3.0,49.7,2
944,MMontTy01,2018,Ty Montgomery,2TM,25,13,0,41,188,1,16,4.6,14.5,2
945,MMontTy01,2016,Ty Montgomery,GNB,23,15,6,77,457,3,61,5.9,30.5,2
946,MMoorDe00,1995,Derrick Moore,CAR,28,13,10,195,740,4,53,3.8,56.9,4
947,MMoorMe00,2012,Mewelde Moore,IND,30,9,0,13,20,0,6,1.5,2.2,1
948,MMoorMe00,2011,Mewelde Moore,PIT,29,12,0,22,157,0,21,7.1,13.1,2
949,MMoorMe00,2010,Mewelde Moore,PIT,28,15,0,33,99,0,18,3.0,6.6,0
950,MMoorMe00,2009,Mewelde Moore,PIT,27,16,0,35,118,0,15,3.4,7.4,0
951,MMoorMe00,2008,Mewelde Moore,PIT,26,16,4,140,588,5,32,4.2,36.8,2
952,MMoorMe00,2007,Mewelde Moore,MIN,25,12,0,20,113,0,17,5.7,9.4,1
953,MMoorMe00,2006,Mewelde Moore,MIN,24,16,0,24,131,0,15,5.5,8.2,3
954,MMoorMe00,2005,Mewelde Moore,MIN,23,16,8,155,662,1,33,4.3,41.4,2
955,MMoorMe00,2004,Mewelde Moore,MIN,22,10,3,65,379,0,33,5.8,37.9,0
956,MMoreKn00,2014,Knowshon Moreno,MIA,27,3,0,31,148,1,15,4.8,49.3,0
957,MMoreKn00,2013,Knowshon Moreno,DEN,26,16,15,241,1038,10,31,4.3,64.9,2
958,MMoreKn00,2011,Knowshon Moreno,DEN,24,7,2,37,179,0,24,4.8,25.6,1
959,MMoreKn00,2010,Knowshon Moreno,DEN,23,13,13,182,779,5,35,4.3,59.9,3
960,MMoreKn00,2009,Knowshon Moreno,DEN,22,16,9,247,947,7,36,3.8,59.2,4
961,MMorrAl00,2018,Alfred Morris ,SFO,30,12,1,111,428,2,51,3.9,35.7,2
962,MMorrAl00,2016,Alfred Morris ,DAL,28,14,0,69,243,2,17,3.5,17.4,0
963,MMorrAl00,2015,Alfred Morris ,WAS,27,16,16,202,751,1,48,3.7,46.9,0
964,MMorrAl00,2014,Alfred Morris ,WAS,26,16,16,265,1074,8,30,4.1,67.1,2
965,MMorrAl00,2013,Alfred Morris ,WAS,25,16,16,276,1275,7,45,4.6,79.7,5
966,MMorrAl00,2012,Alfred Morris ,WAS,24,16,16,335,1613,13,39,4.8,100.8,4
967,MMorrBa00,1999,Bam Morris ,KAN,27,12,8,120,414,3,24,3.5,34.5,3
968,MMorrBa00,1998,Bam Morris ,2TM,26,12,5,132,489,8,38,3.7,40.8,3
969,MMorrBa00,1997,Bam Morris ,BAL,25,11,8,204,774,4,25,3.8,70.4,4
970,MMorrBa00,1995,Bam Morris ,PIT,23,13,4,148,559,9,30,3.8,43.0,3
971,MMorrMa00,2010,Maurice Morris ,DET,31,14,7,90,336,5,26,3.7,24.0,1
972,MMorrMa00,2009,Maurice Morris ,DET,30,14,3,93,384,2,64,4.1,27.4,1
973,MMorrMa00,2005,Maurice Morris ,SEA,26,16,2,71,288,1,49,4.1,18.0,0
974,MMorrMa00,2004,Maurice Morris ,SEA,25,15,0,30,126,0,12,4.2,8.4,0
975,MMorrMa00,2003,Maurice Morris ,SEA,24,16,1,38,239,0,43,6.3,14.9,2
976,MMorrMa00,2002,Maurice Morris ,SEA,23,11,0,32,153,0,24,4.8,13.9,1
977,MMorrSa00,2011,Sammy Morris ,DAL,34,3,0,28,98,0,15,3.5,32.7,0
978,MMorrSa00,2010,Sammy Morris ,NWE,33,16,0,20,56,0,9,2.8,3.5,1
979,MMorrSa00,2008,Sammy Morris ,NWE,31,13,7,156,727,7,35,4.7,55.9,1
980,MMorrSa00,2007,Sammy Morris ,NWE,30,6,2,85,384,3,49,4.5,64.0,0
981,MMorrSa00,2006,Sammy Morris ,MIA,29,12,4,92,400,1,55,4.3,33.3,4
982,MMorrSa00,2005,Sammy Morris ,MIA,28,16,2,16,58,1,9,3.6,3.6,0
983,MMorrSa00,2004,Sammy Morris ,MIA,27,13,8,132,523,6,35,4.0,40.2,1
984,MMorrSa00,2003,Sammy Morris ,BUF,26,9,0,19,70,1,12,3.7,7.8,0
985,MMorrSa00,2001,Sammy Morris ,BUF,24,16,1,20,72,0,10,3.6,4.5,1
986,MMorrSa00,2000,Sammy Morris ,BUF,23,12,8,93,341,5,32,3.7,28.4,2
987,MMurrAd00,2003,Adrian Murrell,DAL,33,3,0,28,107,0,17,3.8,35.7,0
988,MMurrAd00,2000,Adrian Murrell,WAS,30,15,0,20,50,0,13,2.5,3.3,1
989,MMurrAd00,1999,Adrian Murrell,ARI,29,16,12,193,553,0,22,2.9,34.6,4
990,MMurrAd00,1998,Adrian Murrell,ARI,28,15,14,274,1042,8,32,3.8,69.5,6
991,MMurrAd00,1997,Adrian Murrell,NYJ,27,16,15,300,1086,7,43,3.6,67.9,4
992,MMurrAd00,1996,Adrian Murrell,NYJ,26,16,16,301,1249,6,78,4.1,78.1,6
993,MMurrAd00,1995,Adrian Murrell,NYJ,25,15,9,192,795,1,30,4.1,53.0,2
994,MMurrDe00,2017,DeMarco Murray,TEN,29,15,15,184,659,6,75,3.6,43.9,1
995,MMurrDe00,2016,DeMarco Murray,TEN,28,16,16,293,1287,9,75,4.4,80.4,3
996,MMurrDe00,2015,DeMarco Murray,PHI,27,15,8,193,702,6,54,3.6,46.8,2
997,MMurrDe00,2014,DeMarco Murray,DAL,26,16,16,392,1845,13,51,4.7,115.3,6
998,MMurrDe00,2013,DeMarco Murray,DAL,25,14,14,217,1121,9,43,5.2,80.1,3
999,MMurrDe00,2012,DeMarco Murray,DAL,24,10,10,161,663,4,48,4.1,66.3,3
1000,MMurrDe00,2011,DeMarco Murray,DAL,23,13,7,164,897,2,91,5.5,69.0,1
1001,MMurrLa00,2017,Latavius Murray,MIN,27,16,11,216,842,8,46,3.9,52.6,1
1002,MMurrLa00,2016,Latavius Murray,OAK,26,14,12,195,788,12,42,4.0,56.3,2
1003,MMurrLa00,2015,Latavius Murray,OAK,25,16,16,266,1066,6,54,4.0,66.6,4
1004,MMurrLa00,2014,Latavius Murray,OAK,24,15,3,82,424,2,90,5.2,28.3,1
1005,OOgboCh00,2014,Chris Ogbonnaya,2TM,28,7,0,14,50,1,9,3.6,7.1,0
1006,OOgboCh00,2013,Chris Ogbonnaya,CLE,27,16,7,49,240,0,43,4.9,15.0,2
1007,OOgboCh00,2012,Chris Ogbonnaya,CLE,26,15,1,8,30,0,9,3.8,2.0,1
1008,OOgboCh00,2011,Chris Ogbonnaya,2TM,25,13,4,76,340,1,40,4.5,26.2,2
1009,OOgboCh00,2009,Chris Ogbonnaya,STL,23,2,0,11,50,0,18,4.5,25.0,0
1010,OOlawJa00,2017,Jamize Olawale ,OAK,28,12,0,9,43,1,11,4.8,3.6,1
1011,OOlawJa00,2016,Jamize Olawale ,OAK,27,16,7,17,47,2,17,2.8,2.9,0
1012,OOlawJa00,2015,Jamize Olawale ,OAK,26,14,3,24,110,1,19,4.6,7.9,0
1013,OOlivBr01,2017,Branden Oliver,LAC,26,8,0,35,83,0,26,2.4,10.4,0
1014,OOlivBr01,2015,Branden Oliver,SDG,24,8,1,31,108,0,15,3.5,13.5,0
1015,OOlivBr01,2014,Branden Oliver,SDG,23,14,7,160,582,3,52,3.6,41.6,0
1016,OOxenKe00,1999,Ken Oxendine,ATL,24,12,9,141,452,1,20,3.2,37.7,5
1017,OOxenKe00,1998,Ken Oxendine,ATL,23,9,0,18,50,0,21,2.8,5.6,1
1018,PParkWi00,2009,Willie Parker,PIT,29,14,3,98,389,0,34,4.0,27.8,2
1019,PParkWi00,2008,Willie Parker,PIT,28,11,11,210,791,5,34,3.8,71.9,0
1020,PParkWi00,2007,Willie Parker,PIT,27,15,15,321,1316,2,32,4.1,87.7,4
1021,PParkWi00,2006,Willie Parker,PIT,26,16,16,337,1494,13,76,4.4,93.4,7
1022,PParkWi00,2005,Willie Parker,PIT,25,15,15,255,1202,4,80,4.7,80.1,4
1023,PParkWi00,2004,Willie Parker,PIT,24,8,0,32,186,0,58,5.8,23.3,0
1024,PParmBe00,2000,Bernie Parmalee ,NYJ,33,14,0,27,87,2,18,3.2,6.2,0
1025,PParmBe00,1999,Bernie Parmalee ,NYJ,32,16,0,27,133,0,18,4.9,8.3,0
1026,PParmBe00,1998,Bernie Parmalee ,MIA,31,15,0,8,20,0,10,2.5,1.3,2
1027,PParmBe00,1997,Bernie Parmalee ,MIA,30,16,4,18,59,0,12,3.3,3.7,1
1028,PParmBe00,1996,Bernie Parmalee ,MIA,29,16,0,25,80,0,17,3.2,5.0,1
1029,PParmBe00,1995,Bernie Parmalee ,MIA,28,16,12,236,878,9,40,3.7,54.9,5
1030,PPegrEr00,1997,Erric Pegram,2TM,28,15,0,28,95,2,18,3.4,6.3,1
1031,PPegrEr00,1996,Erric Pegram,PIT,27,12,4,97,509,1,27,5.2,42.4,1
1032,PPegrEr00,1995,Erric Pegram,PIT,26,15,11,213,813,5,38,3.8,54.2,9
1033,PPeriSa00,2020,Samaje Perine,CIN,25,7,0,2,3,0,3,1.5,0.4,0
1034,PPeriSa00,2019,Samaje Perine,2TM,24,7,0,5,16,0,9,3.2,2.3,0
1035,PPeriSa00,2018,Samaje Perine,WAS,23,5,0,8,32,0,11,4.0,6.4,0
1036,PPeriSa00,2017,Samaje Perine,WAS,22,16,8,175,603,1,30,3.4,37.7,2
1037,PPeteAd01,2019,Adrian Peterson,WAS,34,15,15,211,898,5,32,4.3,59.9,3
1038,PPeteAd01,2018,Adrian Peterson,WAS,33,16,16,251,1042,7,90,4.2,65.1,3
1039,PPeteAd01,2017,Adrian Peterson,2TM,32,10,7,156,529,2,27,3.4,52.9,3
1040,PPeteAd01,2016,Adrian Peterson,MIN,31,3,3,37,72,0,13,1.9,24.0,1
1041,PPeteAd01,2015,Adrian Peterson,MIN,30,16,16,327,1485,11,80,4.5,92.8,7
1042,PPeteAd01,2014,Adrian Peterson,MIN,29,1,1,21,75,0,17,3.6,75.0,0
1043,PPeteAd01,2013,Adrian Peterson,MIN,28,14,14,279,1266,10,78,4.5,90.4,5
1044,PPeteAd01,2012,Adrian Peterson,MIN,27,16,16,348,2097,12,82,6.0,131.1,4
1045,PPeteAd01,2011,Adrian Peterson,MIN,26,12,12,208,970,12,54,4.7,80.8,1
1046,PPeteAd01,2010,Adrian Peterson,MIN,25,15,15,283,1298,12,80,4.6,86.5,1
1047,PPeteAd01,2009,Adrian Peterson,MIN,24,16,15,314,1383,18,64,4.4,86.4,7
1048,PPeteAd01,2008,Adrian Peterson,MIN,23,16,15,363,1760,10,67,4.8,110.0,9
1049,PPeteAd01,2007,Adrian Peterson,MIN,22,14,9,238,1341,12,73,5.6,95.8,4
1050,PPhilLa00,1999,Lawrence Phillips,SFO,24,8,0,30,144,2,68,4.8,18.0,2
1051,PPhilLa00,1997,Lawrence Phillips,2TM,22,12,9,201,677,8,28,3.4,56.4,3
1052,PPhilLa00,1996,Lawrence Phillips,STL,21,15,11,193,632,4,38,3.3,42.1,2
1053,PPittMi00,2008,Michael Pittman,DEN,33,8,3,76,320,4,20,4.2,40.0,0
1054,PPittMi00,2007,Michael Pittman,TAM,32,10,3,68,286,0,29,4.2,28.6,1
1055,PPittMi00,2006,Michael Pittman,TAM,31,16,3,50,245,1,32,4.9,15.3,2
1056,PPittMi00,2005,Michael Pittman,TAM,30,16,4,70,436,1,64,6.2,27.3,1
1057,PPittMi00,2004,Michael Pittman,TAM,29,13,13,219,926,7,78,4.2,71.2,6
1058,PPittMi00,2003,Michael Pittman,TAM,28,16,13,187,751,0,17,4.0,46.9,4
1059,PPittMi00,2002,Michael Pittman,TAM,27,16,15,204,718,1,21,3.5,44.9,3
1060,PPittMi00,2001,Michael Pittman,ARI,26,15,14,241,846,5,42,3.5,56.4,5
1061,PPittMi00,2000,Michael Pittman,ARI,25,16,12,184,719,4,29,3.9,44.9,5
1062,PPittMi00,1999,Michael Pittman,ARI,24,10,2,64,289,2,58,4.5,28.9,3
1063,PPittMi00,1998,Michael Pittman,ARI,23,15,0,29,91,0,11,3.1,6.1,1
1064,PPortCl00,2009,Clinton Portis,WAS,28,8,8,124,494,1,78,4.0,61.8,1
1065,PPortCl00,2008,Clinton Portis,WAS,27,16,16,342,1487,9,31,4.3,92.9,3
1066,PPortCl00,2007,Clinton Portis,WAS,26,16,16,325,1262,11,32,3.9,78.9,6
1067,PPortCl00,2005,Clinton Portis,WAS,24,16,16,352,1516,11,47,4.3,94.8,3
1068,PPortCl00,2004,Clinton Portis,WAS,23,15,15,343,1315,5,64,3.8,87.7,5
1069,PPortCl00,2003,Clinton Portis,DEN,22,13,13,290,1591,14,65,5.5,122.4,3
1070,PPortCl00,2002,Clinton Portis,DEN,21,16,12,273,1508,15,59,5.5,94.3,5
1071,PPoweBi00,2018,Bilal Powell,NYJ,30,7,7,80,343,0,38,4.3,49.0,2
1072,PPoweBi00,2017,Bilal Powell,NYJ,29,15,10,178,772,5,75,4.3,51.5,1
1073,PPoweBi00,2015,Bilal Powell,NYJ,27,11,2,70,313,1,24,4.5,28.5,2
1074,PPoweBi00,2014,Bilal Powell,NYJ,26,15,1,33,141,1,15,4.3,9.4,0
1075,PPoweBi00,2013,Bilal Powell,NYJ,25,16,11,176,697,1,39,4.0,43.6,1
1076,PPoweBi00,2012,Bilal Powell,NYJ,24,14,2,110,437,4,18,4.0,31.2,0
1077,PPoweBi00,2011,Bilal Powell,NYJ,23,2,0,13,21,0,6,1.6,10.5,1
1078,PPrenTr00,2001,Travis Prentice,MIN,25,14,0,14,13,2,6,0.9,0.9,1
1079,PPrenTr00,2000,Travis Prentice,CLE,24,16,11,173,512,7,17,3.0,32.0,2
1080,RRawlTh00,2017,Thomas Rawls,SEA,24,12,3,58,157,0,23,2.7,13.1,1
1081,RRawlTh00,2015,Thomas Rawls,SEA,22,13,7,147,830,4,69,5.6,63.8,1
1082,RReecMa00,2015,Marcel Reece ,OAK,30,15,7,10,36,0,12,3.6,2.4,0
1083,RReecMa00,2014,Marcel Reece ,OAK,29,15,15,21,85,0,11,4.0,5.7,1
1084,RReecMa00,2013,Marcel Reece ,OAK,28,16,15,46,218,2,63,4.7,13.6,0
1085,RReecMa00,2012,Marcel Reece ,OAK,27,16,14,59,271,0,17,4.6,16.9,2
1086,RRhetEr00,2000,Errict Rhett,CLE,30,5,4,71,258,0,42,3.6,51.6,0
1087,RRhetEr00,1999,Errict Rhett,BAL,29,16,10,236,852,5,52,3.6,53.3,0
1088,RRhetEr00,1998,Errict Rhett,BAL,28,13,2,44,180,0,46,4.1,13.8,0
1089,RRhetEr00,1997,Errict Rhett,TAM,27,11,0,31,96,3,21,3.1,8.7,0
1090,RRhetEr00,1996,Errict Rhett,TAM,26,9,7,176,539,3,35,3.1,59.9,3
1091,RRhetEr00,1995,Errict Rhett,TAM,25,16,16,332,1207,11,21,3.6,75.4,2
1092,RRhodDo00,2010,Dominic Rhodes,IND,31,3,0,37,172,0,15,4.6,57.3,1
1093,RRhodDo00,2007,Dominic Rhodes,OAK,28,10,2,75,302,1,25,4.0,30.2,2
1094,RRhodDo00,2006,Dominic Rhodes,IND,27,16,16,187,641,5,17,3.4,40.1,3
1095,RRhodDo00,2005,Dominic Rhodes,IND,26,13,1,40,118,4,24,3.0,9.1,2
1096,RRhodDo00,2004,Dominic Rhodes,IND,25,16,0,53,254,1,55,4.8,15.9,2
1097,RRhodDo00,2003,Dominic Rhodes,IND,24,11,0,37,157,0,25,4.2,14.3,0
1098,RRhodDo00,2001,Dominic Rhodes,IND,22,15,10,233,1104,9,77,4.7,73.6,6
1099,RRiceRa00,2013,Ray Rice,BAL,26,15,15,214,660,4,47,3.1,44.0,2
1100,RRiceRa00,2012,Ray Rice,BAL,25,16,16,257,1143,9,46,4.4,71.4,1
1101,RRiceRa00,2011,Ray Rice,BAL,24,16,16,291,1364,12,70,4.7,85.3,2
1102,RRiceRa00,2010,Ray Rice,BAL,23,16,14,307,1220,5,50,4.0,76.3,0
1103,RRiceRa00,2009,Ray Rice,BAL,22,16,15,254,1339,7,59,5.3,83.7,3
1104,RRiceRa00,2008,Ray Rice,BAL,21,13,4,107,454,0,60,4.2,34.9,1
1105,RRichTr00,2014,Trent Richardson ,IND,24,15,12,159,519,3,27,3.3,34.6,2
1106,RRichTr00,2013,Trent Richardson ,2TM,23,16,10,188,563,3,22,3.0,35.2,3
1107,RRichTr00,2012,Trent Richardson ,CLE,22,15,15,267,950,11,32,3.6,63.3,3
1108,RRiddTh00,2018,Theo Riddick,DET,27,14,3,40,171,0,19,4.3,12.2,0
1109,RRiddTh00,2016,Theo Riddick,DET,25,10,8,92,357,1,42,3.9,35.7,0
1110,RRiddTh00,2014,Theo Riddick,DET,23,14,2,20,51,0,9,2.6,3.6,0
1111,RRiddTh00,2013,Theo Riddick,DET,22,14,0,9,25,1,7,2.8,1.8,0
1112,RRidlSt00,2018,Stevan Ridley,PIT,29,10,0,29,80,1,12,2.8,8.0,2
1113,RRidlSt00,2017,Stevan Ridley,PIT,28,2,1,26,108,1,21,4.2,54.0,0
1114,RRidlSt00,2015,Stevan Ridley,NYJ,26,8,1,36,90,0,13,2.5,11.3,0
1115,RRidlSt00,2012,Stevan Ridley,NWE,23,16,12,290,1263,12,41,4.4,78.9,4
1116,RRidlSt00,2011,Stevan Ridley,NWE,22,16,2,87,441,1,33,5.1,27.6,1
1117,RRobiDe00,2016,Denard Robinson,JAX,26,13,1,41,144,0,9,3.5,11.1,0
1118,RRobiDe00,2015,Denard Robinson,JAX,25,13,3,67,266,1,31,4.0,20.5,3
1119,RRobiDe00,2014,Denard Robinson,JAX,24,13,9,135,582,4,41,4.3,44.8,2
1120,RRobiDe00,2013,Denard Robinson,JAX,23,16,0,20,66,0,24,3.3,4.1,3
1121,RRussLe00,1996,Leonard Russell,SDG,27,15,15,219,713,7,21,3.3,47.5,6
1122,RRussLe00,1995,Leonard Russell,STL,26,13,3,66,203,0,18,3.1,15.6,2
1123,SSalaRa00,1997,Rashaan Salaam ,CHI,23,3,3,31,112,0,17,3.6,37.3,2
1124,SSalaRa00,1995,Rashaan Salaam ,CHI,21,16,11,296,1074,10,42,3.6,67.1,9
1125,SSandBa00,1998,Barry Sanders ,DET,30,16,16,343,1491,4,73,4.3,93.2,3
1126,SSandBa00,1997,Barry Sanders ,DET,29,16,16,335,2053,11,82,6.1,128.3,3
1127,SSandBa00,1996,Barry Sanders ,DET,28,16,16,307,1553,11,54,5.1,97.1,4
1128,SSandBa00,1995,Barry Sanders ,DET,27,16,16,314,1500,11,75,4.8,93.8,3
1129,SSandMi01,2019,Miles Sanders ,PHI,22,16,11,179,818,3,65,4.6,51.1,2
1130,SSankBi00,2015,Bishop Sankey,TEN,23,13,3,47,193,1,16,4.1,14.8,2
1131,SSankBi00,2014,Bishop Sankey,TEN,22,16,9,152,569,2,22,3.7,35.6,2
1132,SShipMa00,2007,Marcel Shipp,ARI,29,16,0,15,41,1,14,2.7,2.6,0
1133,SShipMa00,2006,Marcel Shipp,ARI,28,15,0,17,41,4,9,2.4,2.7,0
1134,SShipMa00,2005,Marcel Shipp,ARI,27,15,11,157,451,0,19,2.9,30.1,4
1135,SShipMa00,2003,Marcel Shipp,ARI,25,16,11,228,830,0,36,3.6,51.9,3
1136,SSingDe00,2019,Devin Singletary,BUF,22,12,8,151,775,2,38,5.1,64.6,4
1137,SSlatSt00,2011,Steve Slaton,2TM,25,6,0,24,84,1,28,3.5,14.0,0
1138,SSlatSt00,2010,Steve Slaton,HOU,24,12,1,19,93,0,23,4.9,7.8,0
1139,SSlatSt00,2009,Steve Slaton,HOU,23,11,10,131,437,3,32,3.3,39.7,7
1140,SSlatSt00,2008,Steve Slaton,HOU,22,16,15,268,1282,9,71,4.8,80.1,3
1141,SSmalWe00,2019,Wendell Smallwood,WAS,25,15,0,22,81,0,17,3.7,5.4,0
1142,SSmalWe00,2018,Wendell Smallwood,PHI,24,16,6,87,364,3,15,4.2,22.8,2
1143,SSmalWe00,2017,Wendell Smallwood,PHI,23,8,3,47,174,1,26,3.7,21.8,0
1144,SSmalWe00,2016,Wendell Smallwood,PHI,22,13,3,77,312,1,19,4.1,24.0,1
1145,SSmitAn00,2005,Antowain Smith,NOR,33,16,7,166,659,3,42,4.0,41.2,2
1146,SSmitAn00,2004,Antowain Smith,TEN,32,13,4,137,509,4,43,3.7,39.2,2
1147,SSmitAn00,2002,Antowain Smith,NWE,30,16,15,252,982,6,42,3.9,61.4,2
1148,SSmitAn00,2001,Antowain Smith,NWE,29,16,15,287,1157,12,44,4.0,72.3,4
1149,SSmitAn00,2000,Antowain Smith,BUF,28,11,3,101,354,4,59,3.5,32.2,1
1150,SSmitAn00,1998,Antowain Smith,BUF,26,16,14,300,1124,8,30,3.7,70.3,5
1151,SSmitAn00,1997,Antowain Smith,BUF,25,16,0,194,840,8,56,4.3,52.5,4
1152,SSmitEm00,2004,Emmitt Smith ,ARI,35,15,15,267,937,9,29,3.5,62.5,4
1153,SSmitEm00,2002,Emmitt Smith ,DAL,33,16,16,254,975,5,30,3.8,60.9,3
1154,SSmitEm00,2001,Emmitt Smith ,DAL,32,14,14,261,1021,3,44,3.9,72.9,1
1155,SSmitEm00,2000,Emmitt Smith ,DAL,31,16,16,294,1203,9,52,4.1,75.2,6
1156,SSmitEm00,1999,Emmitt Smith ,DAL,30,15,15,329,1397,11,63,4.2,93.1,5
1157,SSmitEm00,1998,Emmitt Smith ,DAL,29,16,16,319,1332,13,32,4.2,83.3,3
1158,SSmitEm00,1997,Emmitt Smith ,DAL,28,16,16,261,1074,4,44,4.1,67.1,1
1159,SSmitEm00,1996,Emmitt Smith ,DAL,27,15,15,327,1204,12,42,3.7,80.3,5
1160,SSmitEm00,1995,Emmitt Smith ,DAL,26,16,16,377,1773,25,60,4.7,110.8,7
1161,SSmitKe02,2012,Kevin Smith,DET,26,12,2,37,134,1,19,3.6,11.2,0
1162,SSmitKe02,2011,Kevin Smith,DET,25,7,4,72,356,4,43,4.9,50.9,1
1163,SSmitKe02,2010,Kevin Smith,DET,24,6,0,34,133,0,15,3.9,22.2,0
1164,SSmitKe02,2009,Kevin Smith,DET,23,13,13,217,747,4,31,3.4,57.5,3
1165,SSmitKe02,2008,Kevin Smith,DET,22,16,12,238,976,8,50,4.1,61.0,2
1166,SSmitLa00,2003,Lamar Smith,NOR,33,4,0,11,61,0,17,5.5,15.3,0
1167,SSmitLa00,2002,Lamar Smith,CAR,32,11,11,209,737,7,59,3.5,67.0,2
1168,SSmitLa00,2001,Lamar Smith,MIA,31,16,16,313,968,6,25,3.1,60.5,6
1169,SSmitLa00,2000,Lamar Smith,MIA,30,15,15,309,1139,14,68,3.7,75.9,3
1170,SSmitLa00,1999,Lamar Smith,NOR,29,13,2,60,205,0,24,3.4,15.8,1
1171,SSmitLa00,1998,Lamar Smith,NOR,28,14,9,138,457,1,33,3.3,32.6,4
1172,SSmitLa00,1997,Lamar Smith,SEA,27,12,2,91,392,2,35,4.3,32.7,0
1173,SSmitLa00,1995,Lamar Smith,SEA,25,12,0,36,215,0,68,6.0,17.9,1
1174,SSmitMa00,2001,Maurice Smith,ATL,25,16,12,237,760,5,58,3.2,47.5,1
1175,SSmitMa00,2000,Maurice Smith,ATL,24,10,0,19,69,0,16,3.6,6.9,0
1176,SSmitRo00,2000,Robert Smith,MIN,28,16,16,295,1521,7,72,5.2,95.1,4
1177,SSmitRo00,1999,Robert Smith,MIN,27,13,12,221,1015,2,70,4.6,78.1,1
1178,SSmitRo00,1998,Robert Smith,MIN,26,14,14,249,1187,6,74,4.8,84.8,1
1179,SSmitRo00,1997,Robert Smith,MIN,25,14,14,232,1266,6,78,5.5,90.4,0
1180,SSmitRo00,1996,Robert Smith,MIN,24,8,7,162,692,3,57,4.3,86.5,2
1181,SSmitRo00,1995,Robert Smith,MIN,23,9,7,139,632,5,58,4.5,70.2,1
1182,SSpilC.00,2016,C.J. Spiller,2TM,29,6,0,6,18,0,13,3.0,3.0,1
1183,SSpilC.00,2015,C.J. Spiller,NOR,28,13,2,36,112,0,11,3.1,8.6,1
1184,SSpilC.00,2013,C.J. Spiller,BUF,26,15,10,202,933,2,77,4.6,62.2,4
1185,SSpilC.00,2012,C.J. Spiller,BUF,25,16,9,207,1244,6,62,6.0,77.8,3
1186,SSpilC.00,2011,C.J. Spiller,BUF,24,16,11,107,561,4,38,5.2,35.1,2
1187,SSpilC.00,2010,C.J. Spiller,BUF,23,14,1,74,283,0,20,3.8,20.2,5
1188,SSproDa00,2018,Darren Sproles ,PHI,35,6,2,29,120,1,17,4.1,20.0,0
1189,SSproDa00,2017,Darren Sproles ,PHI,34,3,0,15,61,0,12,4.1,20.3,1
1190,SSproDa00,2015,Darren Sproles ,PHI,32,16,4,83,317,3,27,3.8,19.8,1
1191,SSproDa00,2014,Darren Sproles ,PHI,31,15,0,57,329,6,49,5.8,21.9,4
1192,SSproDa00,2012,Darren Sproles ,NOR,29,13,6,48,244,1,47,5.1,18.8,0
1193,SSproDa00,2010,Darren Sproles ,SDG,27,16,3,50,267,0,34,5.3,16.7,3
1194,SSproDa00,2009,Darren Sproles ,SDG,26,16,2,93,343,3,21,3.7,21.4,3
1195,SSproDa00,2008,Darren Sproles ,SDG,25,16,0,61,330,1,37,5.4,20.6,3
1196,SSproDa00,2007,Darren Sproles ,SDG,24,15,0,37,164,2,34,4.4,10.9,1
1197,SSproDa00,2005,Darren Sproles ,SDG,22,15,0,8,50,0,21,6.3,3.3,3
1198,SStacZa00,2015,Zac Stacy,NYJ,24,8,0,31,89,1,18,2.9,11.1,0
1199,SStacZa00,2013,Zac Stacy,STL,22,14,12,250,973,7,40,3.9,69.5,1
1200,SStalDu00,2005,Duce Staley,PIT,30,5,1,38,148,1,17,3.9,29.6,1
1201,SStalDu00,2003,Duce Staley,PHI,28,16,4,96,463,5,22,4.8,28.9,2
1202,SStalDu00,2002,Duce Staley,PHI,27,16,16,269,1029,5,57,3.8,64.3,3
1203,SStalDu00,2001,Duce Staley,PHI,26,13,10,166,604,2,44,3.6,46.5,3
1204,SStalDu00,1999,Duce Staley,PHI,24,16,16,325,1273,4,29,3.9,79.6,5
1205,SStalDu00,1998,Duce Staley,PHI,23,16,13,258,1065,5,64,4.1,66.6,2
1206,SStalDu00,1997,Duce Staley,PHI,22,16,0,7,29,0,12,4.1,1.8,0
1207,SStewJa00,2002,James Stewart,DET,31,14,9,231,1021,4,56,4.4,72.9,0
1208,SStewJa00,2001,James Stewart,DET,30,11,10,143,685,1,38,4.8,62.3,0
1209,SStewJa00,2000,James Stewart,DET,29,16,16,339,1184,10,34,3.5,74.0,4
1210,SStewJa00,1999,James Stewart,JAX,28,14,7,249,931,13,44,3.7,66.5,4
1211,SStewJa00,1998,James Stewart,JAX,27,3,3,53,217,2,30,4.1,72.3,2
1212,SStewJa00,1996,James Stewart,JAX,25,13,11,190,723,8,34,3.8,55.6,2
1213,SStewJa00,1995,James Stewart,JAX,24,14,8,137,525,2,22,3.8,37.5,1
1214,SStewJo00,2018,Jonathan Stewart,NYG,31,3,0,6,17,0,5,2.8,5.7,0
1215,SStewJo00,2017,Jonathan Stewart,CAR,30,15,10,198,680,6,60,3.4,45.3,3
1216,SStewJo00,2016,Jonathan Stewart,CAR,29,13,13,218,824,9,47,3.8,63.4,3
1217,SStewJo00,2015,Jonathan Stewart,CAR,28,13,13,242,989,6,44,4.1,76.1,3
1218,SStewJo00,2014,Jonathan Stewart,CAR,27,13,8,175,809,3,69,4.6,62.2,3
1219,SStewJo00,2013,Jonathan Stewart,CAR,26,6,1,48,180,0,16,3.8,30.0,1
1220,SStewJo00,2010,Jonathan Stewart,CAR,23,14,7,178,770,2,48,4.3,55.0,4
1221,SStewJo00,2008,Jonathan Stewart,CAR,21,16,0,184,836,10,41,4.5,52.3,2
1222,SSummFr00,2014,Frank Summers,BUF,29,10,6,6,17,1,4,2.8,1.7,0
1223,TTaylCh01,2011,Chester Taylor,ARI,32,12,1,20,77,1,34,3.9,6.4,0
1224,TTaylCh01,2010,Chester Taylor,CHI,31,16,1,112,267,3,24,2.4,16.7,0
1225,TTaylCh01,2009,Chester Taylor,MIN,30,16,0,94,338,1,25,3.6,21.1,2
1226,TTaylCh01,2008,Chester Taylor,MIN,29,16,1,101,399,4,21,4.0,24.9,2
1227,TTaylCh01,2006,Chester Taylor,MIN,27,15,15,303,1216,6,95,4.0,81.1,5
1228,TTaylCh01,2005,Chester Taylor,BAL,26,15,1,117,487,0,52,4.2,32.5,3
1229,TTaylCh01,2003,Chester Taylor,BAL,24,16,1,63,276,2,32,4.4,17.3,3
1230,TTaylCh01,2002,Chester Taylor,BAL,23,15,2,33,122,0,17,3.7,8.1,1
1231,TTaylFr00,2010,Fred Taylor,NWE,34,7,0,43,155,0,24,3.6,22.1,0
1232,TTaylFr00,2009,Fred Taylor,NWE,33,6,1,63,269,4,19,4.3,44.8,1
1233,TTaylFr00,2008,Fred Taylor,JAX,32,13,13,143,556,1,34,3.9,42.8,1
1234,TTaylFr00,2007,Fred Taylor,JAX,31,15,15,223,1202,5,80,5.4,80.1,2
1235,TTaylFr00,2006,Fred Taylor,JAX,30,15,15,231,1146,5,76,5.0,76.4,3
1236,TTaylFr00,2005,Fred Taylor,JAX,29,11,11,194,787,3,71,4.1,71.5,0
1237,TTaylFr00,2004,Fred Taylor,JAX,28,14,14,260,1224,2,46,4.7,87.4,3
1238,TTaylFr00,2003,Fred Taylor,JAX,27,16,16,345,1572,6,62,4.6,98.3,6
1239,TTaylFr00,2002,Fred Taylor,JAX,26,16,16,287,1314,8,63,4.6,82.1,3
1240,TTaylFr00,2001,Fred Taylor,JAX,25,2,2,30,116,0,24,3.9,58.0,1
1241,TTaylFr00,2000,Fred Taylor,JAX,24,13,13,292,1399,12,71,4.8,107.6,4
1242,TTaylFr00,1998,Fred Taylor,JAX,22,15,12,264,1223,14,77,4.6,81.5,3
1243,TThomAn01,2007,Anthony Thomas,BUF,30,10,2,36,89,0,9,2.5,8.9,0
1244,TThomAn01,2006,Anthony Thomas,BUF,29,16,2,107,378,2,19,3.5,23.6,1
1245,TThomAn01,2005,Anthony Thomas,2TM,28,10,2,43,92,0,12,2.1,9.2,0
1246,TThomAn01,2004,Anthony Thomas,CHI,27,12,2,122,404,2,41,3.3,33.7,1
1247,TThomAn01,2003,Anthony Thomas,CHI,26,13,13,244,1024,6,67,4.2,78.8,1
1248,TThomAn01,2002,Anthony Thomas,CHI,25,12,12,214,721,6,34,3.4,60.1,5
1249,TThomAn01,2001,Anthony Thomas,CHI,24,14,10,278,1183,7,46,4.3,84.5,0
1250,TThomPi00,2015,Pierre Thomas,2TM,31,5,0,15,64,0,11,4.3,12.8,0
1251,TThomPi00,2014,Pierre Thomas,NOR,30,11,3,45,222,2,27,4.9,20.2,0
1252,TThomPi00,2013,Pierre Thomas,NOR,29,16,9,147,549,2,18,3.7,34.3,2
1253,TThomPi00,2012,Pierre Thomas,NOR,28,15,4,105,473,1,48,4.5,31.5,0
1254,TThomPi00,2011,Pierre Thomas,NOR,27,16,7,110,562,5,33,5.1,35.1,2
1255,TThomPi00,2010,Pierre Thomas,NOR,26,6,3,83,269,2,16,3.2,44.8,0
1256,TThomPi00,2007,Pierre Thomas,NOR,23,12,1,52,252,1,24,4.8,21.0,0
1257,TThomRo00,2001,Rodney Thomas,ATL,28,12,0,37,126,0,21,3.4,10.5,0
1258,TThomRo00,2000,Rodney Thomas,TEN,27,16,0,61,175,0,20,2.9,10.9,1
1259,TThomRo00,1999,Rodney Thomas,TEN,26,16,0,43,164,1,22,3.8,10.3,0
1260,TThomRo00,1998,Rodney Thomas,TEN,25,11,0,24,100,2,21,4.2,9.1,0
1261,TThomRo00,1997,Rodney Thomas,TEN,24,16,1,67,310,3,25,4.6,19.4,1
1262,TThomRo00,1996,Rodney Thomas,HOU,23,16,0,49,151,1,24,3.1,9.4,0
1263,TThomRo00,1995,Rodney Thomas,HOU,22,16,10,251,947,5,74,3.8,59.2,8
1264,TThomTh00,2000,Thurman Thomas,MIA,34,9,0,28,136,0,25,4.9,15.1,1
1265,TThomTh00,1999,Thurman Thomas,BUF,33,5,3,36,152,0,31,4.2,30.4,0
1266,TThomTh00,1998,Thurman Thomas,BUF,32,14,3,93,381,2,17,4.1,27.2,0
1267,TThomTh00,1997,Thurman Thomas,BUF,31,16,16,154,643,1,24,4.2,40.2,2
1268,TThomTh00,1996,Thurman Thomas,BUF,30,15,15,281,1033,8,36,3.7,68.9,1
1269,TThomTh00,1995,Thurman Thomas,BUF,29,14,14,267,1005,6,49,3.8,71.8,6
1270,TTolbMi00,2017,Mike Tolbert,BUF,32,12,0,66,247,1,25,3.7,20.6,2
1271,TTolbMi00,2016,Mike Tolbert,CAR,31,16,2,35,114,0,14,3.3,7.1,0
1272,TTolbMi00,2015,Mike Tolbert,CAR,30,16,3,62,256,1,29,4.1,16.0,0
1273,TTolbMi00,2013,Mike Tolbert,CAR,28,16,13,101,361,5,22,3.6,22.6,0
1274,TTolbMi00,2011,Mike Tolbert,SDG,26,15,1,121,490,8,40,4.0,32.7,2
1275,TTolbMi00,2010,Mike Tolbert,SDG,25,15,4,182,735,11,36,4.0,49.0,5
1276,TTolbMi00,2009,Mike Tolbert,SDG,24,16,3,25,148,1,32,5.9,9.3,1
1277,TTomlLa00,2011,LaDainian Tomlinson,NYJ,32,14,1,75,280,1,20,3.7,20.0,0
1278,TTomlLa00,2010,LaDainian Tomlinson,NYJ,31,15,13,219,914,6,31,4.2,60.9,3
1279,TTomlLa00,2009,LaDainian Tomlinson,SDG,30,14,14,223,730,12,36,3.3,52.1,2
1280,TTomlLa00,2008,LaDainian Tomlinson,SDG,29,16,16,292,1110,11,45,3.8,69.4,1
1281,TTomlLa00,2007,LaDainian Tomlinson,SDG,28,16,16,315,1474,15,49,4.7,92.1,0
1282,TTomlLa00,2006,LaDainian Tomlinson,SDG,27,16,16,348,1815,28,85,5.2,113.4,2
1283,TTomlLa00,2005,LaDainian Tomlinson,SDG,26,16,16,339,1462,18,62,4.3,91.4,3
1284,TTomlLa00,2004,LaDainian Tomlinson,SDG,25,15,15,339,1335,17,42,3.9,89.0,6
1285,TTomlLa00,2003,LaDainian Tomlinson,SDG,24,16,16,313,1645,13,73,5.3,102.8,2
1286,TTomlLa00,2002,LaDainian Tomlinson,SDG,23,16,16,372,1683,14,76,4.5,105.2,3
1287,TTomlLa00,2001,LaDainian Tomlinson,SDG,22,16,16,339,1236,10,54,3.6,77.3,8
1288,TToraRy00,2011,Ryan Torain,WAS,25,8,4,59,200,1,39,3.4,25.0,1
1289,TToraRy00,2010,Ryan Torain,WAS,24,10,8,164,742,4,54,4.5,74.2,2
1290,TToraRy00,2008,Ryan Torain,DEN,22,2,1,15,69,1,19,4.6,34.5,0
1291,TTurnMi00,2012,Michael Turner,ATL,30,16,16,222,800,10,43,3.6,50.0,3
1292,TTurnMi00,2011,Michael Turner,ATL,29,16,15,301,1340,11,81,4.5,83.8,3
1293,TTurnMi00,2010,Michael Turner,ATL,28,16,15,334,1371,12,55,4.1,85.7,2
1294,TTurnMi00,2009,Michael Turner,ATL,27,11,11,178,871,10,58,4.9,79.2,4
1295,TTurnMi00,2008,Michael Turner,ATL,26,16,16,376,1699,17,70,4.5,106.2,3
1296,TTurnMi00,2007,Michael Turner,SDG,25,16,0,71,316,1,74,4.5,19.8,1
1297,TTurnMi00,2006,Michael Turner,SDG,24,13,0,80,502,2,73,6.3,38.6,0
1298,TTurnMi00,2005,Michael Turner,SDG,23,16,0,57,335,3,83,5.9,20.9,0
1299,TTurnMi00,2004,Michael Turner,SDG,22,14,1,20,104,0,30,5.2,7.4,1
1300,VVereSh00,2017,Shane Vereen,NYG,28,16,0,45,164,0,17,3.6,10.3,0
1301,VVereSh00,2016,Shane Vereen,NYG,27,5,1,33,158,1,25,4.8,31.6,2
1302,VVereSh00,2015,Shane Vereen,NYG,26,16,0,61,260,0,39,4.3,16.3,1
1303,VVereSh00,2014,Shane Vereen,NWE,25,16,6,96,391,2,19,4.1,24.4,0
1304,VVereSh00,2013,Shane Vereen,NWE,24,8,1,44,208,1,21,4.7,26.0,1
1305,VVereSh00,2012,Shane Vereen,NWE,23,13,1,62,251,3,16,4.0,19.3,1
1306,VVereSh00,2011,Shane Vereen,NWE,22,5,0,15,57,1,19,3.8,11.4,0
1307,WWareSp00,2019,Spencer Ware,KAN,28,3,1,17,51,0,6,3.0,17.0,1
1308,WWareSp00,2018,Spencer Ware,KAN,27,13,2,51,246,2,34,4.8,18.9,0
1309,WWareSp00,2016,Spencer Ware,KAN,25,14,14,214,921,3,46,4.3,65.8,4
1310,WWareSp00,2015,Spencer Ware,KAN,24,11,2,72,403,6,52,5.6,36.6,0
1311,WWarrCh00,2000,Chris Warren,2TM,32,14,1,74,296,2,32,4.0,21.1,3
1312,WWarrCh00,1999,Chris Warren,DAL,31,16,1,99,403,2,25,4.1,25.2,4
1313,WWarrCh00,1998,Chris Warren,DAL,30,9,0,59,291,4,49,4.9,32.3,0
1314,WWarrCh00,1997,Chris Warren,SEA,29,15,13,200,847,4,36,4.2,56.5,2
1315,WWarrCh00,1996,Chris Warren,SEA,28,14,14,203,855,5,51,4.2,61.1,3
1316,WWarrCh00,1995,Chris Warren,SEA,27,16,16,310,1346,15,52,4.3,84.1,5
1317,WWashLe00,2014,Leon Washington,TEN,32,16,0,13,57,0,16,4.4,3.6,3
1318,WWashLe00,2012,Leon Washington,SEA,30,16,0,23,83,1,14,3.6,5.2,2
1319,WWashLe00,2011,Leon Washington,SEA,29,16,1,53,248,1,48,4.7,15.5,2
1320,WWashLe00,2010,Leon Washington,SEA,28,16,0,27,100,1,21,3.7,6.3,3
1321,WWashLe00,2009,Leon Washington,NYJ,27,7,0,72,331,0,33,4.6,47.3,1
1322,WWashLe00,2008,Leon Washington,NYJ,26,16,1,76,448,6,61,5.9,28.0,3
1323,WWashLe00,2007,Leon Washington,NYJ,25,16,4,71,353,3,49,5.0,22.1,4
1324,WWashLe00,2006,Leon Washington,NYJ,24,16,8,151,650,4,23,4.3,40.6,3
1325,WWattRi00,2001,Ricky Watters,SEA,32,5,4,72,318,1,40,4.4,63.6,1
1326,WWattRi00,2000,Ricky Watters,SEA,31,16,16,278,1242,7,55,4.5,77.6,5
1327,WWattRi00,1999,Ricky Watters,SEA,30,16,16,325,1210,5,45,3.7,75.6,4
1328,WWattRi00,1998,Ricky Watters,SEA,29,16,16,319,1239,9,39,3.9,77.4,4
1329,WWattRi00,1997,Ricky Watters,PHI,28,16,16,285,1110,7,28,3.9,69.4,3
1330,WWattRi00,1996,Ricky Watters,PHI,27,16,16,353,1411,13,56,4.0,88.2,5
1331,WWattRi00,1995,Ricky Watters,PHI,26,16,16,337,1273,11,57,3.8,79.6,6
1332,WWellCh00,2012,Beanie Wells ,ARI,24,8,7,88,234,5,31,2.7,29.3,1
1333,WWellCh00,2011,Beanie Wells ,ARI,23,14,14,245,1047,10,71,4.3,74.8,4
1334,WWellCh00,2010,Beanie Wells ,ARI,22,13,2,116,397,2,24,3.4,30.5,1
1335,WWellCh00,2009,Beanie Wells ,ARI,21,16,0,176,793,7,33,4.5,49.6,4
1336,WWellJo00,2004,Jonathan Wells,HOU,25,16,1,82,299,3,14,3.6,18.7,1
1337,WWellJo00,2002,Jonathan Wells,HOU,23,16,11,197,529,3,37,2.7,33.1,3
1338,WWestBr00,2009,Brian Westbrook ,PHI,30,8,7,61,274,1,25,4.5,34.3,0
1339,WWestBr00,2008,Brian Westbrook ,PHI,29,14,14,233,936,9,39,4.0,66.9,2
1340,WWestBr00,2007,Brian Westbrook ,PHI,28,15,15,278,1333,7,36,4.8,88.9,2
1341,WWestBr00,2006,Brian Westbrook ,PHI,27,15,14,240,1217,7,71,5.1,81.1,2
1342,WWestBr00,2005,Brian Westbrook ,PHI,26,12,12,156,617,3,31,4.0,51.4,0
1343,WWestBr00,2004,Brian Westbrook ,PHI,25,13,12,177,812,3,50,4.6,62.5,1
1344,WWestBr00,2003,Brian Westbrook ,PHI,24,15,8,117,613,7,62,5.2,40.9,3
1345,WWestBr00,2002,Brian Westbrook ,PHI,23,15,3,46,193,0,18,4.2,12.9,2
1346,WWestCh01,2017,Charcandrick West ,KAN,26,13,0,18,72,2,21,4.0,5.5,1
1347,WWestCh01,2016,Charcandrick West ,KAN,25,15,2,88,293,1,28,3.3,19.5,0
1348,WWestCh01,2015,Charcandrick West ,KAN,24,15,9,160,634,4,38,4.0,42.3,1
1349,WWestTe00,2017,Terrance West ,BAL,26,5,4,39,138,2,13,3.5,27.6,1
1350,WWestTe00,2016,Terrance West ,BAL,25,16,13,193,774,5,41,4.0,48.4,2
1351,WWestTe00,2015,Terrance West ,2TM,24,8,0,62,231,0,17,3.7,28.9,2
1352,WWestTe00,2014,Terrance West ,CLE,23,14,6,171,673,4,36,3.9,48.1,2
1353,WWheaTy00,2004,Tyrone Wheatley,OAK,32,8,7,85,327,4,60,3.8,40.9,0
1354,WWheaTy00,2002,Tyrone Wheatley,OAK,30,14,0,108,419,2,36,3.9,29.9,1
1355,WWheaTy00,2001,Tyrone Wheatley,OAK,29,11,2,88,276,5,22,3.1,25.1,3
1356,WWheaTy00,2000,Tyrone Wheatley,OAK,28,14,13,232,1046,9,80,4.5,74.7,4
1357,WWheaTy00,1999,Tyrone Wheatley,OAK,27,16,9,242,936,8,30,3.9,58.5,3
1358,WWheaTy00,1998,Tyrone Wheatley,NYG,26,5,0,14,52,0,15,3.7,10.4,0
1359,WWheaTy00,1997,Tyrone Wheatley,NYG,25,14,7,152,583,4,38,3.8,41.6,3
1360,WWheaTy00,1996,Tyrone Wheatley,NYG,24,14,0,112,400,1,37,3.6,28.6,6
1361,WWheaTy00,1995,Tyrone Wheatley,NYG,23,13,1,78,245,3,19,3.1,18.8,2
1362,WWhitLe01,2009,LenDale White,TEN,25,13,0,64,222,2,11,3.5,17.1,1
1363,WWhitLe01,2007,LenDale White,TEN,23,16,16,303,1110,7,28,3.7,69.4,5
1364,WWhitLe01,2006,LenDale White,TEN,22,13,0,61,244,0,26,4.0,18.8,0
1365,WWillCa02,2011,Cadillac Williams,STL,29,11,1,87,361,1,23,4.1,32.8,1
1366,WWillCa02,2010,Cadillac Williams,TAM,28,16,9,125,437,2,45,3.5,27.3,1
1367,WWillCa02,2009,Cadillac Williams,TAM,27,16,15,211,823,4,35,3.9,51.4,1
1368,WWillCa02,2008,Cadillac Williams,TAM,26,6,1,63,233,4,28,3.7,38.8,1
1369,WWillCa02,2007,Cadillac Williams,TAM,25,4,4,54,208,3,20,3.9,52.0,2
1370,WWillCa02,2006,Cadillac Williams,TAM,24,14,14,225,798,1,38,3.5,57.0,3
1371,WWillCa02,2005,Cadillac Williams,TAM,23,14,14,290,1178,6,71,4.1,84.1,3
1372,WWillDe02,2016,DeAngelo Williams,PIT,33,9,4,98,343,4,17,3.5,38.1,0
1373,WWillDe02,2015,DeAngelo Williams,PIT,32,16,10,200,907,11,55,4.5,56.7,4
1374,WWillDe02,2013,DeAngelo Williams,CAR,30,15,15,201,843,3,43,4.2,56.2,3
1375,WWillDe02,2012,DeAngelo Williams,CAR,29,16,10,173,737,5,65,4.3,46.1,2
1376,WWillDe02,2011,DeAngelo Williams,CAR,28,16,14,155,836,7,74,5.4,52.3,0
1377,WWillDe02,2009,DeAngelo Williams,CAR,26,13,13,216,1117,7,77,5.2,85.9,3
1378,WWillDe02,2008,DeAngelo Williams,CAR,25,16,16,273,1515,18,69,5.5,94.7,0
1379,WWillDe02,2007,DeAngelo Williams,CAR,24,16,0,144,717,4,75,5.0,44.8,1
1380,WWillDe02,2006,DeAngelo Williams,CAR,23,13,2,121,501,1,31,4.1,38.5,1
1381,WWillHa00,1998,Harvey Williams,OAK,31,16,3,128,496,2,25,3.9,31.0,3
1382,WWillHa00,1995,Harvey Williams,OAK,28,16,16,255,1114,9,60,4.4,69.6,5
1383,WWillJa06,2019,Jamaal Williams,GNB,24,14,2,107,460,1,45,4.3,32.9,0
1384,WWillJa06,2017,Jamaal Williams,GNB,22,16,7,153,556,4,25,3.6,34.8,0
1385,WWillMo00,2005,Moe Williams,MIN,31,6,1,13,20,0,9,1.5,3.3,1
1386,WWillMo00,2004,Moe Williams,MIN,30,14,1,30,161,3,49,5.4,11.5,0
1387,WWillMo00,2003,Moe Williams,MIN,29,16,7,174,745,5,61,4.3,46.6,2
1388,WWillMo00,2002,Moe Williams,MIN,28,16,0,84,414,11,44,4.9,25.9,1
1389,WWillMo00,2001,Moe Williams,BAL,27,15,2,65,291,0,55,4.5,19.4,1
1390,WWillMo00,2000,Moe Williams,MIN,26,16,0,23,67,0,10,2.9,4.2,0
1391,WWillMo00,1999,Moe Williams,MIN,25,14,0,24,69,1,10,2.9,4.9,0
1392,WWillMo00,1997,Moe Williams,MIN,23,14,0,22,59,1,8,2.7,4.2,0
1393,WWillRi00,2011,Ricky Williams,BAL,34,16,0,108,444,2,28,4.1,27.8,2
1394,WWillRi00,2010,Ricky Williams,MIA,33,16,0,159,673,2,45,4.2,42.1,4
1395,WWillRi00,2007,Ricky Williams,MIA,30,1,0,6,15,0,6,2.5,15.0,1
1396,WWillRi00,2003,Ricky Williams,MIA,26,16,16,392,1372,9,45,3.5,85.8,7
1397,WWillRi00,2002,Ricky Williams,MIA,25,16,16,383,1853,16,63,4.8,115.8,7
1398,WWillRi00,2001,Ricky Williams,NOR,24,16,16,313,1245,6,46,4.0,77.8,8
1399,WWillRi00,2000,Ricky Williams,NOR,23,10,10,248,1000,8,26,4.0,100.0,6
1400,WWillRi00,1999,Ricky Williams,NOR,22,12,12,253,884,2,25,3.5,73.7,6
1401,YYeldT.00,2020,T.J. Yeldon,BUF,27,3,0,10,70,0,34,7.0,23.3,1
1402,YYeldT.00,2019,T.J. Yeldon,BUF,26,6,0,17,63,0,12,3.7,10.5,1
1403,YYeldT.00,2017,T.J. Yeldon,JAX,24,10,0,49,253,2,58,5.2,25.3,2
1404,YYeldT.00,2016,T.J. Yeldon,JAX,23,15,13,130,465,1,16,3.6,31.0,2
1405,YYeldT.00,2015,T.J. Yeldon,JAX,22,12,12,182,740,2,45,4.1,61.7,0
1406,YYounDa01,2015,Darrel Young,WAS,28,16,3,6,10,0,5,1.7,0.6,1
1407,YYounDa01,2014,Darrel Young,WAS,27,16,10,9,22,3,14,2.4,1.4,0
1408,YYounDa01,2013,Darrel Young,WAS,26,13,7,12,41,3,19,3.4,3.2,0
1409,YYounSe00,2007,Selvin Young,DEN,24,15,8,140,729,1,50,5.2,48.6,2
9,AAbduRa00,2004,Rabih Abdullah,NWE,29,9,0,13,13,1,5,1.0,1.4,0
10,AAbduRa00,2003,Rabih Abdullah,CHI,28,15,0,18,37,0,10,2.1,2.5,0
11,AAbduRa00,2001,Rabih Abdullah,TAM,26,16,0,11,40,0,12,3.6,2.5,0
12,AAbduRa00,2000,Rabih Abdullah,TAM,25,12,0,16,70,0,19,4.4,5.8,0
13,AAbduRa00,1999,Rabih Abdullah,TAM,24,15,1,5,12,0,10,2.4,0.8,0
